,county,state,Cluster
0,Garfield County,Utah,3
1,Gosper County,Nebraska,3
2,Wood County,Texas,3
3,Williamson County,Illinois,3
4,Keya Paha County,Nebraska,3
5,Blackford County,Indiana,3
6,Keith County,Nebraska,3
7,Brown County,Indiana,3
8,Newberry County,South Carolina,3
9,Howard County,Nebraska,3
10,Washington County,Texas,3
11,Hitchcock County,Nebraska,3
12,Hayes County,Nebraska,3
13,Harlan County,Nebraska,3
14,Fountain County,Indiana,3
15,Wayne County,Illinois,3
16,Furnas County,Nebraska,3
17,Frontier County,Nebraska,3
18,Greene County,Indiana,3
19,Franklin County,Nebraska,3
20,Tyler County,Texas,3
21,Trinity County,Texas,3
22,Fillmore County,Nebraska,3
23,Dundy County,Nebraska,3
24,Deuel County,Nebraska,3
25,Throckmorton County,Texas,3
26,Terrell County,Texas,3
27,Clay County,Nebraska,3
28,Whiteside County,Illinois,3
29,Merrick County,Nebraska,3
30,Lawrence County,Indiana,3
31,Red Willow County,Nebraska,3
32,Webster County,Nebraska,3
33,Piute County,Utah,3
34,Sherman County,Nebraska,3
35,Kane County,Utah,3
36,Marion County,Illinois,3
37,Marshall County,Illinois,3
38,Massac County,Illinois,3
39,Menard County,Illinois,3
40,Mercer County,Illinois,3
41,McCormick County,South Carolina,3
42,Richardson County,Nebraska,3
43,Daggett County,Utah,3
44,Polk County,Nebraska,3
45,Wabash County,Illinois,3
46,Pope County,Illinois,3
47,Putnam County,Illinois,3
48,Phelps County,Nebraska,3
49,Perkins County,Nebraska,3
50,Pawnee County,Nebraska,3
51,Nemaha County,Nebraska,3
52,Nance County,Nebraska,3
53,Shelby County,Illinois,3
54,Stark County,Illinois,3
55,Stephenson County,Illinois,3
56,Union County,Illinois,3
57,Young County,Texas,3
58,Chase County,Nebraska,3
59,Stonewall County,Texas,3
60,York County,Nebraska,3
61,Howard County,Iowa,3
62,Lincoln County,Montana,3
63,Clinton County,Iowa,3
64,Lake County,Montana,3
65,Granite County,Montana,3
66,Fayette County,Iowa,3
67,Floyd County,Iowa,3
68,Franklin County,Iowa,3
69,Fremont County,Iowa,3
70,Grundy County,Iowa,3
71,Flathead County,Montana,3
72,Hancock County,Iowa,3
73,Hardin County,Iowa,3
74,Custer County,Montana,3
75,Cerro Gordo County,Iowa,3
76,Jackson County,Iowa,3
77,Jefferson County,Iowa,3
78,Jones County,Iowa,3
79,Keokuk County,Iowa,3
80,Louisa County,Iowa,3
81,Lucas County,Iowa,3
82,Newton County,Texas,3
83,Worth County,Missouri,3
84,Mitchell County,Iowa,3
85,Monona County,Iowa,3
86,Motley County,Texas,3
87,Page County,Iowa,3
88,Chickasaw County,Iowa,3
89,Presidio County,Texas,3
90,Butler County,Nebraska,3
91,Treasure County,Montana,3
92,Burt County,Nebraska,3
93,Boyd County,Nebraska,3
94,Newton County,Indiana,3
95,Ohio County,Indiana,3
96,Orange County,Indiana,3
97,Owen County,Indiana,3
98,Shackelford County,Texas,3
99,Williamsburg County,South Carolina,3
100,San Saba County,Texas,3
101,San Jacinto County,Texas,3
102,San Augustine County,Texas,3
103,Sabine County,Texas,3
104,Steuben County,Indiana,3
105,Mineral County,Montana,3
106,Sweet Grass County,Montana,3
107,Tipton County,Indiana,3
108,Union County,Indiana,3
109,Wabash County,Indiana,3
110,Warren County,Indiana,3
111,Refugio County,Texas,3
112,Adair County,Iowa,3
113,Prairie County,Montana,3
114,Appanoose County,Iowa,3
115,Red River County,Texas,3
116,Real County,Texas,3
117,Butler County,Iowa,3
118,Knox County,Illinois,3
119,Lancaster County,South Carolina,3
120,Morris County,Texas,3
121,Washington County,Pennsylvania,3
122,Webster County,Georgia,3
123,Lincoln County,New Mexico,3
124,White County,Georgia,3
125,Warren County,Pennsylvania,3
126,Hidalgo County,New Mexico,3
127,Wilkes County,Georgia,3
128,Harding County,New Mexico,3
129,Buchanan County,Virginia,3
130,Hawaii County,Hawaii,3
131,Brunswick County,Virginia,3
132,Botetourt County,Virginia,3
133,Bland County,Virginia,3
134,Adams County,Idaho,3
135,Venango County,Pennsylvania,3
136,Bedford County,Virginia,3
137,Grant County,New Mexico,3
138,Benewah County,Idaho,3
139,Bath County,Virginia,3
140,Boise County,Idaho,3
141,Bonner County,Idaho,3
142,Augusta County,Virginia,3
143,Boundary County,Idaho,3
144,Butte County,Idaho,3
145,De Baca County,New Mexico,3
146,Wayne County,Pennsylvania,3
147,Colfax County,New Mexico,3
148,Campbell County,Virginia,3
149,Warren County,Georgia,3
150,Wyoming County,Pennsylvania,3
151,Somerset County,Pennsylvania,3
152,Torrance County,New Mexico,3
153,Essex County,Virginia,3
154,Taos County,New Mexico,3
155,Seminole County,Georgia,3
156,Schuylkill County,Pennsylvania,3
157,Stephens County,Georgia,3
158,Dickenson County,Virginia,3
159,Cumberland County,Virginia,3
160,Sierra County,New Mexico,3
161,Taliaferro County,Georgia,3
162,Santa Fe County,New Mexico,3
163,San Miguel County,New Mexico,3
164,Craig County,Virginia,3
165,Luna County,New Mexico,3
166,Clarke County,Virginia,3
167,Sullivan County,Pennsylvania,3
168,Charlotte County,Virginia,3
169,Towns County,Georgia,3
170,Charles City County,Virginia,3
171,Susquehanna County,Pennsylvania,3
172,Quay County,New Mexico,3
173,Twiggs County,Georgia,3
174,Union County,Georgia,3
175,Tioga County,Pennsylvania,3
176,Mora County,New Mexico,3
177,Carroll County,Virginia,3
178,Westmoreland County,Pennsylvania,3
179,Clearwater County,Idaho,3
180,Douglas County,Nevada,3
181,Franklin County,Illinois,3
182,Orange County,Vermont,3
183,Edgefield County,South Carolina,3
184,Carroll County,New Hampshire,3
185,Cumberland County,Illinois,3
186,Grand Isle County,Vermont,3
187,Fairfield County,South Carolina,3
188,Essex County,Vermont,3
189,Georgetown County,South Carolina,3
190,Edwards County,Illinois,3
191,Caledonia County,Vermont,3
192,Bennington County,Vermont,3
193,Storey County,Nevada,3
194,Nye County,Nevada,3
195,Coos County,New Hampshire,3
196,Mineral County,Nevada,3
197,Lyon County,Nevada,3
198,Wayne County,Utah,3
199,Lincoln County,Nevada,3
200,Horry County,South Carolina,3
201,Henderson County,Illinois,3
202,Henry County,Illinois,3
203,Iroquois County,Illinois,3
204,Washington County,Utah,3
205,Jasper County,Illinois,3
206,Esmeralda County,Nevada,3
207,Jo Daviess County,Illinois,3
208,Clay County,Illinois,3
209,Orleans County,Vermont,3
210,Custer County,Idaho,3
211,Oneida County,Idaho,3
212,Catron County,New Mexico,3
213,Newport County,Rhode Island,3
214,Ocean County,New Jersey,3
215,Aiken County,South Carolina,3
216,Idaho County,Idaho,3
217,Appomattox County,Virginia,3
218,Amherst County,Virginia,3
219,Lemhi County,Idaho,3
220,Lewis County,Idaho,3
221,Beaufort County,South Carolina,3
222,Calhoun County,South Carolina,3
223,Cape May County,New Jersey,3
224,Accomack County,Virginia,3
225,Rutland County,Vermont,3
226,Shoshone County,Idaho,3
227,Windsor County,Vermont,3
228,Clarendon County,South Carolina,3
229,Valley County,Idaho,3
230,Sullivan County,New Hampshire,3
231,Colleton County,South Carolina,3
232,Alexander County,Illinois,3
233,Windham County,Vermont,3
234,Bureau County,Illinois,3
235,Calhoun County,Illinois,3
236,Carroll County,Illinois,3
237,Grafton County,New Hampshire,3
238,Taney County,Missouri,3
239,Stone County,Missouri,3
240,Rabun County,Georgia,3
241,Blanco County,Texas,3
242,Washington County,Maine,3
243,York County,Maine,3
244,Burnet County,Texas,3
245,Lake of the Woods County,Minnesota,3
246,Brown County,Texas,3
247,Lake County,Minnesota,3
248,Briscoe County,Texas,3
249,Brewster County,Texas,3
250,Dorchester County,Maryland,3
251,Kittson County,Minnesota,3
252,Garrett County,Maryland,3
253,Bosque County,Texas,3
254,Kent County,Maryland,3
255,Somerset County,Maine,3
256,Baylor County,Texas,3
257,Talbot County,Maryland,3
258,Bandera County,Texas,3
259,Hubbard County,Minnesota,3
260,Worcester County,Maryland,3
261,Barnstable County,Massachusetts,3
262,Berkshire County,Massachusetts,3
263,Houston County,Minnesota,3
264,Dukes County,Massachusetts,3
265,Franklin County,Massachusetts,3
266,Armstrong County,Texas,3
267,Grant County,Minnesota,3
268,Waldo County,Maine,3
269,Sagadahoc County,Maine,3
270,Fillmore County,Minnesota,3
271,Union County,Louisiana,3
272,Cottle County,Texas,3
273,Pointe Coupee County,Louisiana,3
274,Otter Tail County,Minnesota,3
275,Concho County,Texas,3
276,Sabine County,Louisiana,3
277,Comanche County,Texas,3
278,St. Helena County,Louisiana,3
279,Colorado County,Texas,3
280,Coleman County,Texas,3
281,Coke County,Texas,3
282,Clay County,Texas,3
283,Tensas County,Louisiana,3
284,Meeker County,Minnesota,3
285,Piscataquis County,Maine,3
286,Marshall County,Minnesota,3
287,Cass County,Texas,3
288,Carson County,Texas,3
289,Haywood County,Tennessee,3
290,Callahan County,Texas,3
291,Franklin County,Maine,3
292,Hancock County,Maine,3
293,Lincoln County,Minnesota,3
294,Knox County,Maine,3
295,Lincoln County,Maine,3
296,Oxford County,Maine,3
297,Henry County,Tennessee,3
298,Aransas County,Texas,3
299,Faribault County,Minnesota,3
300,Red Lake County,Minnesota,3
301,Menominee County,Michigan,3
302,Loudon County,Tennessee,3
303,Keweenaw County,Michigan,3
304,Lake County,Michigan,3
305,McMinn County,Tennessee,3
306,Leelanau County,Michigan,3
307,Roane County,Tennessee,3
308,Mackinac County,Michigan,3
309,Polk County,Tennessee,3
310,Manistee County,Michigan,3
311,Pickett County,Tennessee,3
312,Mason County,Michigan,3
313,Tuscola County,Michigan,3
314,Schoolcraft County,Michigan,3
315,Lewis County,Tennessee,3
316,Sanilac County,Michigan,3
317,Montmorency County,Michigan,3
318,Newaygo County,Michigan,3
319,Monroe County,Tennessee,3
320,Oceana County,Michigan,3
321,Ogemaw County,Michigan,3
322,Ontonagon County,Michigan,3
323,Osceola County,Michigan,3
324,Oscoda County,Michigan,3
325,Otsego County,Michigan,3
326,Meigs County,Tennessee,3
327,Presque Isle County,Michigan,3
328,Becker County,Minnesota,3
329,Iron County,Michigan,3
330,Douglas County,Minnesota,3
331,Clare County,Michigan,3
332,Alcona County,Michigan,3
333,Alger County,Michigan,3
334,Alpena County,Michigan,3
335,Antrim County,Michigan,3
336,Arenac County,Michigan,3
337,Baraga County,Michigan,3
338,Wayne County,Tennessee,3
339,Benzie County,Michigan,3
340,Cass County,Michigan,3
341,Charlevoix County,Michigan,3
342,Cheboygan County,Michigan,3
343,Clearwater County,Minnesota,3
344,Unicoi County,Tennessee,3
345,Iosco County,Michigan,3
346,Crawford County,Michigan,3
347,Delta County,Michigan,3
348,Dickinson County,Michigan,3
349,Johnson County,Tennessee,3
350,Emmet County,Michigan,3
351,Gladwin County,Michigan,3
352,Gogebic County,Michigan,3
353,Cass County,Minnesota,3
354,Sullivan County,Tennessee,3
355,Stewart County,Tennessee,3
356,Huron County,Michigan,3
357,Brown County,Minnesota,3
358,Pipestone County,Minnesota,3
359,Redwood County,Minnesota,3
360,Shelby County,Iowa,3
361,Lavaca County,Texas,3
362,Marshall County,Kansas,3
363,Morris County,Kansas,3
364,Gentry County,Missouri,3
365,Llano County,Texas,3
366,Gasconade County,Missouri,3
367,Pawnee County,Kansas,3
368,Rush County,Kansas,3
369,Gregory County,South Dakota,3
370,Leon County,Texas,3
371,Sherman County,Kansas,3
372,Stafford County,Kansas,3
373,Woodson County,Kansas,3
374,Bollinger County,Missouri,3
375,Knox County,Missouri,3
376,Ballard County,Kentucky,3
377,Atchison County,Missouri,3
378,Kinney County,Texas,3
379,Boyd County,Kentucky,3
380,Boyle County,Kentucky,3
381,Kimble County,Texas,3
382,Kerr County,Texas,3
383,Kent County,Texas,3
384,Caldwell County,Kentucky,3
385,Carlisle County,Kentucky,3
386,Clinton County,Kentucky,3
387,Lake County,South Dakota,3
388,Marion County,Kansas,3
389,McCulloch County,Texas,3
390,Edmonson County,Kentucky,3
391,Clay County,Kansas,3
392,Montague County,Texas,3
393,Taylor County,Iowa,3
394,Van Buren County,Iowa,3
395,Mills County,Texas,3
396,Winnebago County,Iowa,3
397,Worth County,Iowa,3
398,Barber County,Kansas,3
399,Putnam County,Missouri,3
400,Brown County,Kansas,3
401,Menard County,Texas,3
402,Baldwin County,Alabama,3
403,Cheyenne County,Kansas,3
404,Coffey County,Kansas,3
405,Kiowa County,Kansas,3
406,Comanche County,Kansas,3
407,Edwards County,Kansas,3
408,Elk County,Kansas,3
409,New Madrid County,Missouri,3
410,Montgomery County,Missouri,3
411,Custer County,South Dakota,3
412,Mason County,Texas,3
413,Maries County,Missouri,3
414,Greenwood County,Kansas,3
415,Harper County,Kansas,3
416,Marion County,Texas,3
417,Kingman County,Kansas,3
418,Cumberland County,Kentucky,3
419,Tishomingo County,Mississippi,3
420,Renville County,Minnesota,3
421,Amite County,Mississippi,3
422,Robertson County,Kentucky,3
423,Clay County,Tennessee,3
424,Russell County,Kentucky,3
425,Clarke County,Mississippi,3
426,Choctaw County,Mississippi,3
427,Franklin County,Texas,3
428,Trigg County,Kentucky,3
429,Carroll County,Mississippi,3
430,Cumberland County,Tennessee,3
431,Foard County,Texas,3
432,Wayne County,Kentucky,3
433,Fisher County,Texas,3
434,Fayette County,Texas,3
435,Franklin County,Mississippi,3
436,Bienville County,Louisiana,3
437,Fayette County,Tennessee,3
438,Edwards County,Texas,3
439,Wadena County,Minnesota,3
440,Eastland County,Texas,3
441,Wabasha County,Minnesota,3
442,Todd County,Minnesota,3
443,Dickens County,Texas,3
444,Giles County,Tennessee,3
445,St. Louis County,Minnesota,3
446,Delta County,Texas,3
447,Rock County,Minnesota,3
448,Pike County,Kentucky,3
449,Gillespie County,Texas,3
450,Jeff Davis County,Texas,3
451,Letcher County,Kentucky,3
452,Fulton County,Kentucky,3
453,Green County,Kentucky,3
454,Greenup County,Kentucky,3
455,Hood County,Texas,3
456,Hill County,Texas,3
457,Hickman County,Kentucky,3
458,Henderson County,Texas,3
459,Montgomery County,Mississippi,3
460,Monroe County,Mississippi,3
461,Haskell County,Texas,3
462,Stanley County,South Dakota,3
463,Sully County,South Dakota,3
464,Livingston County,Kentucky,3
465,Hancock County,Mississippi,3
466,Turner County,South Dakota,3
467,Lyon County,Kentucky,3
468,McCracken County,Kentucky,3
469,Hardeman County,Texas,3
470,McLean County,Kentucky,3
471,Hamilton County,Texas,3
472,Marshall County,Kentucky,3
473,Anderson County,Tennessee,3
474,Jasper County,Mississippi,3
475,Blount County,Tennessee,3
476,Campbell County,Tennessee,3
477,Goliad County,Texas,3
478,Randolph County,Georgia,3
479,Roscommon County,Michigan,3
480,Putnam County,Georgia,3
481,Pendleton County,West Virginia,3
482,Nicholas County,West Virginia,3
483,Costilla County,Colorado,3
484,Morgan County,West Virginia,3
485,Custer County,Colorado,3
486,Delta County,Colorado,3
487,Monroe County,West Virginia,3
488,Dolores County,Colorado,3
489,Stokes County,North Carolina,3
490,Mingo County,West Virginia,3
491,Mineral County,West Virginia,3
492,Mercer County,West Virginia,3
493,Fremont County,Colorado,3
494,Mason County,West Virginia,3
495,Marshall County,West Virginia,3
496,McDowell County,West Virginia,3
497,Hinsdale County,Colorado,3
498,Huerfano County,Colorado,3
499,Jackson County,Colorado,3
500,Logan County,West Virginia,3
501,Kiowa County,Colorado,3
502,Lincoln County,West Virginia,3
503,Rutherford County,North Carolina,3
504,Las Animas County,Colorado,3
505,Ohio County,West Virginia,3
506,Chaffee County,Colorado,3
507,Pacific County,Washington,3
508,Pocahontas County,West Virginia,3
509,Yancey County,North Carolina,3
510,Wyoming County,West Virginia,3
511,Wood County,West Virginia,3
512,Yadkin County,North Carolina,3
513,Wetzel County,West Virginia,3
514,Shasta County,California,3
515,Wilkes County,North Carolina,3
516,Webster County,West Virginia,3
517,Washington County,North Carolina,3
518,Warren County,North Carolina,3
519,Tyler County,West Virginia,3
520,Tucker County,West Virginia,3
521,Trinity County,California,3
522,Taylor County,West Virginia,3
523,Tuolumne County,California,3
524,Summers County,West Virginia,3
525,Roane County,West Virginia,3
526,Randolph County,West Virginia,3
527,Raleigh County,West Virginia,3
528,Transylvania County,North Carolina,3
529,Pulaski County,Georgia,3
530,Baca County,Colorado,3
531,Preston County,West Virginia,3
532,Baker County,Oregon,3
533,Hardy County,West Virginia,3
534,Mineral County,Colorado,3
535,Hancock County,West Virginia,3
536,Curry County,Oregon,3
537,Northampton County,North Carolina,3
538,Douglas County,Oregon,3
539,Gilliam County,Oregon,3
540,Wahkiakum County,Washington,3
541,Sussex County,Delaware,3
542,Moore County,North Carolina,3
543,Stevens County,Washington,3
544,Grant County,Oregon,3
545,Mitchell County,North Carolina,3
546,Brevard County,Florida,3
547,Harney County,Oregon,3
548,Skamania County,Washington,3
549,Charlotte County,Florida,3
550,Citrus County,Florida,3
551,Skagit County,Washington,3
552,Collier County,Florida,3
553,San Juan County,Washington,3
554,DeSoto County,Florida,3
555,Dixie County,Florida,3
556,Martin County,North Carolina,3
557,Pend Oreille County,Washington,3
558,Flagler County,Florida,3
559,Barbour County,West Virginia,3
560,Pamlico County,North Carolina,3
561,Litchfield County,Connecticut,3
562,Perquimans County,North Carolina,3
563,Montezuma County,Colorado,3
564,Montrose County,Colorado,3
565,Hampshire County,West Virginia,3
566,Greenbrier County,West Virginia,3
567,Ouray County,Colorado,3
568,Park County,Colorado,3
569,Phillips County,Colorado,3
570,Grant County,West Virginia,3
571,Polk County,North Carolina,3
572,Clatsop County,Oregon,3
573,Rio Grande County,Colorado,3
574,Boone County,West Virginia,3
575,Saguache County,Colorado,3
576,San Juan County,Colorado,3
577,Clay County,West Virginia,3
578,Sedgwick County,Colorado,3
579,Calhoun County,West Virginia,3
580,Teller County,Colorado,3
581,Washington County,Colorado,3
582,Crook County,Oregon,3
583,Brooke County,West Virginia,3
584,Braxton County,West Virginia,3
585,Ashland County,Wisconsin,3
586,Bayfield County,Wisconsin,3
587,Barnes County,North Dakota,3
588,Cleburne County,Arkansas,3
589,Jefferson County,Ohio,3
590,Tallapoosa County,Alabama,3
591,Harrison County,Ohio,3
592,McIntosh County,Oklahoma,3
593,Guernsey County,Ohio,3
594,Geauga County,Ohio,3
595,Waushara County,Wisconsin,3
596,Cochise County,Arizona,3
597,Waupaca County,Wisconsin,3
598,Gila County,Arizona,3
599,Erie County,Ohio,3
600,La Paz County,Arizona,3
601,Washburn County,Wisconsin,3
602,Mohave County,Arizona,3
603,Vilas County,Wisconsin,3
604,Crawford County,Ohio,3
605,Yavapai County,Arizona,3
606,Columbiana County,Ohio,3
607,Shawano County,Wisconsin,3
608,Osage County,Oklahoma,3
609,Sawyer County,Wisconsin,3
610,Carroll County,Arkansas,3
611,Chicot County,Arkansas,3
612,Lake County,Ohio,3
613,Mahoning County,Ohio,3
614,Kay County,Oklahoma,3
615,Coosa County,Alabama,3
616,Choctaw County,Oklahoma,3
617,Coal County,Oklahoma,3
618,Butler County,Alabama,3
619,Atoka County,Oklahoma,3
620,Cotton County,Oklahoma,3
621,Wyandot County,Ohio,3
622,Choctaw County,Alabama,3
623,Washington County,Ohio,3
624,Colbert County,Alabama,3
625,Conecuh County,Alabama,3
626,Trumbull County,Ohio,3
627,Meigs County,Ohio,3
628,Greene County,Alabama,3
629,Henry County,Alabama,3
630,Jackson County,Alabama,3
631,Lamar County,Alabama,3
632,Lauderdale County,Alabama,3
633,Ottawa County,Ohio,3
634,Noble County,Ohio,3
635,Monroe County,Ohio,3
636,Jefferson County,Oklahoma,3
637,Johnston County,Oklahoma,3
638,Clay County,Arkansas,3
639,Belmont County,Ohio,3
640,Buffalo County,Wisconsin,3
641,Rusk County,Wisconsin,3
642,Stone County,Arkansas,3
643,LaMoure County,North Dakota,3
644,Van Buren County,Arkansas,3
645,Woodruff County,Arkansas,3
646,Alpine County,California,3
647,Amador County,California,3
648,Pushmataha County,Oklahoma,3
649,Calaveras County,California,3
650,Iron County,Wisconsin,3
651,Green Lake County,Wisconsin,3
652,El Dorado County,California,3
653,Forest County,Wisconsin,3
654,Inyo County,California,3
655,Florence County,Wisconsin,3
656,Lake County,California,3
657,Door County,Wisconsin,3
658,Marin County,California,3
659,Mariposa County,California,3
660,Mendocino County,California,3
661,Modoc County,California,3
662,Nevada County,California,3
663,Plumas County,California,3
664,Burnett County,Wisconsin,3
665,Sharp County,Arkansas,3
666,Searcy County,Arkansas,3
667,Langlade County,Wisconsin,3
668,Lawrence County,Arkansas,3
669,Price County,Wisconsin,3
670,Walsh County,North Dakota,3
671,Polk County,Wisconsin,3
672,Fulton County,Arkansas,3
673,Garland County,Arkansas,3
674,Pepin County,Wisconsin,3
675,Ozaukee County,Wisconsin,3
676,Oneida County,Wisconsin,3
677,Izard County,Arkansas,3
678,Oconto County,Wisconsin,3
679,Sargent County,North Dakota,3
680,Prairie County,Arkansas,3
681,Little River County,Arkansas,3
682,Ransom County,North Dakota,3
683,Marinette County,Wisconsin,3
684,Monroe County,Arkansas,3
685,Montgomery County,Arkansas,3
686,Pembina County,North Dakota,3
687,Newton County,Arkansas,3
688,Perry County,Arkansas,3
689,Pike County,Arkansas,3
690,Lincoln County,Wisconsin,3
691,Franklin County,Florida,3
692,Archuleta County,Colorado,3
693,Klamath County,Oregon,3
694,Chatham County,North Carolina,3
695,Baker County,Georgia,3
696,Carbon County,Pennsylvania,3
697,Garfield County,Washington,3
698,James City County,Virginia,3
699,Glynn County,Georgia,3
700,King and Queen County,Virginia,3
701,Avery County,North Carolina,3
702,Clearfield County,Pennsylvania,3
703,Pasco County,Florida,3
704,Lawrence County,Pennsylvania,3
705,Juniata County,Pennsylvania,3
706,Cherokee County,North Carolina,3
707,Dooly County,Georgia,3
708,Putnam County,Florida,3
709,Tazewell County,Virginia,3
710,Josephine County,Oregon,3
711,Pinellas County,Florida,3
712,Palm Beach County,Florida,3
713,Haywood County,North Carolina,3
714,Carteret County,North Carolina,3
715,Monroe County,Florida,3
716,Nelson County,Virginia,3
717,Jefferson County,Washington,3
718,Smyth County,Virginia,3
719,Asotin County,Washington,3
720,Warren County,New York,3
721,Island County,Washington,3
722,Beaufort County,North Carolina,3
723,Lincoln County,Oregon,3
724,Graham County,North Carolina,3
725,Grays Harbor County,Washington,3
726,Hamilton County,New York,3
727,Blair County,Pennsylvania,3
728,Jackson County,North Carolina,3
729,Lincoln County,Georgia,3
730,Caswell County,North Carolina,3
731,St. Lucie County,Florida,3
732,Clallam County,Washington,3
733,Henry County,Virginia,3
734,Mecklenburg County,Virginia,3
735,Surry County,Virginia,3
736,Madison County,Virginia,3
737,Schoharie County,New York,3
738,Hancock County,Georgia,3
739,Walton County,Florida,3
740,Mathews County,Virginia,3
741,Taylor County,Florida,3
742,Page County,Virginia,3
743,Elk County,Pennsylvania,3
744,Bedford County,Pennsylvania,3
745,Middlesex County,Virginia,3
746,Rockbridge County,Virginia,3
747,Clay County,North Carolina,3
748,Columbia County,Washington,3
749,Greene County,Georgia,3
750,Volusia County,Florida,3
751,Hart County,Georgia,3
752,Lunenburg County,Virginia,3
753,Lancaster County,Virginia,3
754,Sumter County,Florida,3
755,Ferry County,Washington,3
756,Henderson County,North Carolina,3
757,Wheeler County,Oregon,3
758,Sarasota County,Florida,3
759,Jefferson County,Pennsylvania,3
760,Huntingdon County,Pennsylvania,3
761,Fulton County,Pennsylvania,3
762,Pittsylvania County,Virginia,3
763,Lake County,Oregon,3
764,Lee County,Virginia,3
765,Chowan County,North Carolina,3
766,Forest County,Pennsylvania,3
767,Fayette County,Pennsylvania,3
768,Patrick County,Virginia,3
769,Suwannee County,Florida,3
770,Otsego County,New York,3
771,Highland County,Virginia,3
772,Nassau County,Florida,3
773,Greene County,New York,3
774,Jackson County,Florida,3
775,Wythe County,Virginia,3
776,Hernando County,Florida,3
777,Highlands County,Florida,3
778,Pulaski County,Virginia,3
779,Goochland County,Virginia,3
780,Lewis County,Washington,3
781,Montour County,Pennsylvania,3
782,Chenango County,New York,3
783,Indian River County,Florida,3
784,Northampton County,Virginia,3
785,Beaver County,Pennsylvania,3
786,Westmoreland County,Virginia,3
787,Dare County,North Carolina,3
788,Columbia County,New York,3
789,Adams County,Pennsylvania,3
790,McIntosh County,Georgia,3
791,Davie County,North Carolina,3
792,Northumberland County,Pennsylvania,3
793,Rappahannock County,Virginia,3
794,Burke County,North Carolina,3
795,Mason County,Washington,3
796,Brooks County,Georgia,3
797,Okanogan County,Washington,3
798,Armstrong County,Pennsylvania,3
799,Floyd County,Virginia,3
800,Fannin County,Georgia,3
801,Glades County,Florida,3
802,Gulf County,Florida,3
803,Madison County,North Carolina,3
804,Wallowa County,Oregon,3
805,Potter County,Pennsylvania,3
806,Franklin County,Virginia,3
807,Pickens County,Georgia,3
808,Pike County,Pennsylvania,3
809,Giles County,Virginia,3
810,Roanoke County,Virginia,3
811,Lincoln County,Washington,3
812,Northumberland County,Virginia,3
813,Brunswick County,North Carolina,3
814,Jefferson County,Florida,3
815,Manatee County,Florida,3
816,Mifflin County,Pennsylvania,3
817,Delaware County,New York,3
818,Cambria County,Pennsylvania,3
819,Jackson County,Oregon,3
820,Halifax County,Virginia,3
821,Miller County,Georgia,3
822,Bertie County,North Carolina,3
823,Mercer County,Pennsylvania,3
824,McDowell County,North Carolina,3
825,Marion County,Florida,3
826,Martin County,Florida,3
827,Marion County,Georgia,3
828,Shenandoah County,Virginia,3
829,Jones County,North Carolina,3
830,Essex County,New York,3
831,Fulton County,New York,3
832,Levy County,Florida,3
833,Sherman County,Oregon,3
834,Schuyler County,New York,3
835,Lake County,Florida,3
836,Bradford County,Pennsylvania,3
837,Russell County,Virginia,3
838,Bladen County,North Carolina,3
839,Scott County,Virginia,3
840,Lee County,Florida,3
841,Morgan County,Georgia,3
842,Klickitat County,Washington,3
843,Union County,Oregon,3
844,Clay County,Georgia,3
845,Rolette County,North Dakota,2
846,Dyer County,Tennessee,2
847,Alleghany County,North Carolina,2
848,Swift County,Minnesota,2
849,Abbeville County,South Carolina,2
850,Pierce County,North Dakota,2
851,Wilkin County,Minnesota,2
852,Greene County,Tennessee,2
853,Fentress County,Tennessee,2
854,Stevens County,Minnesota,2
855,Traverse County,Minnesota,2
856,Ramsey County,North Dakota,2
857,Grainger County,Tennessee,2
858,Renville County,North Dakota,2
859,Gibson County,Tennessee,2
860,Franklin County,Tennessee,2
861,Richland County,North Dakota,2
862,Watonwan County,Minnesota,2
863,Covington County,Mississippi,2
864,Yellow Medicine County,Minnesota,2
865,Lawrence County,Mississippi,2
866,Logan County,North Dakota,2
867,Humphreys County,Mississippi,2
868,Itawamba County,Mississippi,2
869,Benton County,Tennessee,2
870,Bedford County,Tennessee,2
871,Jefferson Davis County,Mississippi,2
872,Chester County,South Carolina,2
873,Yankton County,South Dakota,2
874,Chesterfield County,South Carolina,2
875,Walworth County,South Dakota,2
876,Kidder County,North Dakota,2
877,McHenry County,North Dakota,2
878,Hettinger County,North Dakota,2
879,Griggs County,North Dakota,2
880,Grant County,North Dakota,2
881,Tripp County,South Dakota,2
882,Leflore County,Mississippi,2
883,Todd County,South Dakota,2
884,Marion County,Mississippi,2
885,Spink County,South Dakota,2
886,Golden Valley County,North Dakota,2
887,Sanborn County,South Dakota,2
888,Bradley County,Tennessee,2
889,McIntosh County,North Dakota,2
890,Adams County,Mississippi,2
891,Coffee County,Tennessee,2
892,DeKalb County,Tennessee,2
893,Decatur County,Tennessee,2
894,Allendale County,South Carolina,2
895,Bamberg County,South Carolina,2
896,Bolivar County,Mississippi,2
897,Oliver County,North Dakota,2
898,Nelson County,North Dakota,2
899,Crockett County,Tennessee,2
900,Ashe County,North Carolina,2
901,Mountrail County,North Dakota,2
902,Morton County,North Dakota,2
903,McKenzie County,North Dakota,2
904,Cocke County,Tennessee,2
905,Barnwell County,South Carolina,2
906,Claiborne County,Tennessee,2
907,Grundy County,Tennessee,2
908,Chester County,Tennessee,2
909,Mercer County,North Dakota,2
910,McLean County,North Dakota,2
911,Carter County,Tennessee,2
912,Carroll County,Tennessee,2
913,Cannon County,Tennessee,2
914,Sheridan County,North Dakota,2
915,Garfield County,Nebraska,2
916,Sioux County,North Dakota,2
917,Highland County,Ohio,2
918,Pike County,Ohio,2
919,Harper County,Oklahoma,2
920,Lake County,Tennessee,2
921,Perry County,Ohio,2
922,Chippewa County,Minnesota,2
923,Haskell County,Oklahoma,2
924,Muskingum County,Ohio,2
925,Morgan County,Ohio,2
926,Cook County,Minnesota,2
927,Cottonwood County,Minnesota,2
928,Crow Wing County,Minnesota,2
929,Latimer County,Oklahoma,2
930,Le Flore County,Oklahoma,2
931,Jefferson County,Tennessee,2
932,Logan County,Ohio,2
933,Lincoln County,Oklahoma,2
934,Knox County,Ohio,2
935,Jackson County,Tennessee,2
936,Jackson County,Ohio,2
937,Huron County,Ohio,2
938,Love County,Oklahoma,2
939,Hocking County,Ohio,2
940,Freeborn County,Minnesota,2
941,Big Stone County,Minnesota,2
942,Harmon County,Oklahoma,2
943,Grant County,Oklahoma,2
944,Ellis County,Oklahoma,2
945,Union County,New Mexico,2
946,Cimarron County,Oklahoma,2
947,Beaver County,Oklahoma,2
948,Alfalfa County,Oklahoma,2
949,Marshall County,Tennessee,2
950,Craig County,Oklahoma,2
951,Marion County,Tennessee,2
952,Creek County,Oklahoma,2
953,Shiawassee County,Michigan,2
954,Delaware County,Oklahoma,2
955,Union County,Ohio,2
956,Lincoln County,Tennessee,2
957,Tuscarawas County,Ohio,2
958,Macon County,Tennessee,2
959,McNairy County,Tennessee,2
960,Garfield County,Oklahoma,2
961,Shelby County,Ohio,2
962,Seneca County,Ohio,2
963,Scioto County,Ohio,2
964,Aitkin County,Minnesota,2
965,Sandusky County,Ohio,2
966,Ross County,Ohio,2
967,Humphreys County,Tennessee,2
968,Hardin County,Ohio,2
969,Hamblen County,Tennessee,2
970,Houston County,Tennessee,2
971,Martin County,Minnesota,2
972,Pittsburg County,Oklahoma,2
973,Mille Lacs County,Minnesota,2
974,Morrison County,Minnesota,2
975,Williams County,North Dakota,2
976,Hawkins County,Tennessee,2
977,Wells County,North Dakota,2
978,Ward County,North Dakota,2
979,Murray County,Minnesota,2
980,Hardin County,Tennessee,2
981,Nobles County,Minnesota,2
982,Traill County,North Dakota,2
983,Norman County,Minnesota,2
984,Towner County,North Dakota,2
985,Cameron County,Pennsylvania,2
986,Hancock County,Tennessee,2
987,Pine County,Minnesota,2
988,Stutsman County,North Dakota,2
989,Polk County,Minnesota,2
990,Pope County,Minnesota,2
991,Hamilton County,Tennessee,2
992,Steele County,North Dakota,2
993,Stark County,North Dakota,2
994,Ashtabula County,Ohio,2
995,Auglaize County,Ohio,2
996,Henderson County,Tennessee,2
997,Greene County,Pennsylvania,2
998,McCurtain County,Oklahoma,2
999,Major County,Oklahoma,2
1000,Montgomery County,New York,2
1001,Marshall County,Oklahoma,2
1002,Mayes County,Oklahoma,2
1003,Fayette County,Ohio,2
1004,Itasca County,Minnesota,2
1005,Jackson County,Minnesota,2
1006,Kanabec County,Minnesota,2
1007,Kandiyohi County,Minnesota,2
1008,Nowata County,Oklahoma,2
1009,Lyon County,Minnesota,2
1010,Koochiching County,Minnesota,2
1011,Lac qui Parle County,Minnesota,2
1012,Darke County,Ohio,2
1013,Okfuskee County,Oklahoma,2
1014,Clinton County,Ohio,2
1015,Ottawa County,Oklahoma,2
1016,Carroll County,Ohio,2
1017,Pawnee County,Oklahoma,2
1018,Brown County,Ohio,2
1019,Eddy County,New Mexico,2
1020,Roberts County,South Dakota,2
1021,Hyde County,South Dakota,2
1022,Potter County,South Dakota,2
1023,Woodward County,Oklahoma,2
1024,Lee County,South Carolina,2
1025,Broadwater County,Montana,2
1026,Carbon County,Montana,2
1027,Carter County,Montana,2
1028,Cascade County,Montana,2
1029,Chouteau County,Montana,2
1030,Scotts Bluff County,Nebraska,2
1031,Woods County,Oklahoma,2
1032,Daniels County,Montana,2
1033,Dawson County,Montana,2
1034,Saunders County,Nebraska,2
1035,Deer Lodge County,Montana,2
1036,Fallon County,Montana,2
1037,Maury County,Tennessee,2
1038,Big Horn County,Montana,2
1039,Fergus County,Montana,2
1040,Rockingham County,North Carolina,2
1041,Gallatin County,Montana,2
1042,Rock County,Nebraska,2
1043,Garfield County,Montana,2
1044,Aurora County,South Dakota,2
1045,Golden Valley County,Montana,2
1046,Hill County,Montana,2
1047,Jefferson County,Montana,2
1048,Judith Basin County,Montana,2
1049,Lewis and Clark County,Montana,2
1050,Marion County,South Carolina,2
1051,Liberty County,Montana,2
1052,Blaine County,Montana,2
1053,Beaverhead County,Montana,2
1054,Wheeler County,Nebraska,2
1055,Shelby County,Missouri,2
1056,Buffalo County,South Dakota,2
1057,St. Clair County,Missouri,2
1058,Brule County,South Dakota,2
1059,Brown County,South Dakota,2
1060,Bon Homme County,South Dakota,2
1061,Wayne County,Nebraska,2
1062,Bennett County,South Dakota,2
1063,Valley County,Nebraska,2
1064,Thurston County,Nebraska,2
1065,Beadle County,South Dakota,2
1066,Scott County,Missouri,2
1067,Thomas County,Nebraska,2
1068,Shannon County,Missouri,2
1069,Stoddard County,Missouri,2
1070,Wright County,Missouri,2
1071,Thayer County,Nebraska,2
1072,Sullivan County,Missouri,2
1073,Stanton County,Nebraska,2
1074,Texas County,Missouri,2
1075,Vernon County,Missouri,2
1076,Sioux County,Nebraska,2
1077,Warren County,Missouri,2
1078,Washington County,Missouri,2
1079,Wayne County,Missouri,2
1080,Webster County,Missouri,2
1081,Hyde County,North Carolina,2
1082,Sheridan County,Nebraska,2
1083,Scotland County,North Carolina,2
1084,McCone County,Montana,2
1085,Pierce County,Nebraska,2
1086,Madison County,Montana,2
1087,Cherry County,Nebraska,2
1088,Logan County,Nebraska,2
1089,Boone County,Nebraska,2
1090,Lincoln County,Nebraska,2
1091,Marlboro County,South Carolina,2
1092,Knox County,Nebraska,2
1093,Box Butte County,Nebraska,2
1094,Kimball County,Nebraska,2
1095,Brown County,Nebraska,2
1096,Union County,South Carolina,2
1097,Macon County,North Carolina,2
1098,Sumter County,South Carolina,2
1099,Cedar County,Nebraska,2
1100,Oconee County,South Carolina,2
1101,Cheyenne County,Nebraska,2
1102,Meagher County,Montana,2
1103,Jefferson County,Nebraska,2
1104,Cuming County,Nebraska,2
1105,Custer County,Nebraska,2
1106,Hooker County,Nebraska,2
1107,Dakota County,Nebraska,2
1108,Dawes County,Nebraska,2
1109,Holt County,Nebraska,2
1110,Dixon County,Nebraska,2
1111,Dodge County,Nebraska,2
1112,Orangeburg County,South Carolina,2
1113,Greeley County,Nebraska,2
1114,Grant County,Nebraska,2
1115,Gage County,Nebraska,2
1116,Blaine County,Nebraska,2
1117,Banner County,Nebraska,2
1118,Antelope County,Nebraska,2
1119,Yellowstone County,Montana,2
1120,Musselshell County,Montana,2
1121,Otoe County,Nebraska,2
1122,Park County,Montana,2
1123,Petroleum County,Montana,2
1124,Phillips County,Montana,2
1125,Pondera County,Montana,2
1126,Nuckolls County,Nebraska,2
1127,Powder River County,Montana,2
1128,Coos County,Oregon,2
1129,Powell County,Montana,2
1130,Ravalli County,Montana,2
1131,Richland County,Montana,2
1132,Roosevelt County,Montana,2
1133,Rosebud County,Montana,2
1134,Sanders County,Montana,2
1135,Morrill County,Nebraska,2
1136,Sheridan County,Montana,2
1137,Silver Bow County,Montana,2
1138,Stillwater County,Montana,2
1139,Lenoir County,North Carolina,2
1140,Teton County,Montana,2
1141,Toole County,Montana,2
1142,Madison County,Nebraska,2
1143,Valley County,Montana,2
1144,Loup County,Nebraska,2
1145,Wheatland County,Montana,2
1146,Wibaux County,Montana,2
1147,Ripley County,Missouri,2
1148,Reynolds County,Missouri,2
1149,Perkins County,South Dakota,2
1150,Harding County,South Dakota,2
1151,Cavalier County,North Dakota,2
1152,Andrew County,Missouri,2
1153,Roger Mills County,Oklahoma,2
1154,Burleigh County,North Dakota,2
1155,Burke County,North Dakota,2
1156,Bowman County,North Dakota,2
1157,Audrain County,Missouri,2
1158,Barry County,Missouri,2
1159,Barton County,Missouri,2
1160,Bottineau County,North Dakota,2
1161,Bates County,Missouri,2
1162,Benton County,Missouri,2
1163,Benson County,North Dakota,2
1164,Buchanan County,Missouri,2
1165,Garden County,Nebraska,2
1166,Butler County,Missouri,2
1167,Caldwell County,Missouri,2
1168,Callaway County,Missouri,2
1169,Camden County,Missouri,2
1170,Hanson County,South Dakota,2
1171,Carroll County,Missouri,2
1172,Carter County,Missouri,2
1173,Hand County,South Dakota,2
1174,Cedar County,Missouri,2
1175,Belknap County,New Hampshire,2
1176,Chariton County,Missouri,2
1177,Christian County,Missouri,2
1178,Clark County,Missouri,2
1179,Hutchinson County,South Dakota,2
1180,Jackson County,South Dakota,2
1181,Butte County,South Dakota,2
1182,McCook County,South Dakota,2
1183,Foster County,North Dakota,2
1184,Emmons County,North Dakota,2
1185,Pennington County,South Dakota,2
1186,Darlington County,South Carolina,2
1187,Pike County,Mississippi,2
1188,Miner County,South Dakota,2
1189,Prentiss County,Mississippi,2
1190,Mellette County,South Dakota,2
1191,Eddy County,North Dakota,2
1192,Dillon County,South Carolina,2
1193,Meade County,South Dakota,2
1194,Marshall County,South Dakota,2
1195,McPherson County,South Dakota,2
1196,Smith County,Mississippi,2
1197,Wilkinson County,Mississippi,2
1198,Stone County,Mississippi,2
1199,Sunflower County,Mississippi,2
1200,Lyman County,South Dakota,2
1201,Dunn County,North Dakota,2
1202,Lawrence County,South Dakota,2
1203,Divide County,North Dakota,2
1204,Tunica County,Mississippi,2
1205,Dickey County,North Dakota,2
1206,Walthall County,Mississippi,2
1207,Kingsbury County,South Dakota,2
1208,Washington County,Mississippi,2
1209,Jones County,South Dakota,2
1210,Jerauld County,South Dakota,2
1211,Hamlin County,South Dakota,2
1212,Haakon County,South Dakota,2
1213,Adams County,North Dakota,2
1214,Newton County,Missouri,2
1215,Livingston County,Missouri,2
1216,McDonald County,Missouri,2
1217,Macon County,Missouri,2
1218,Davison County,South Dakota,2
1219,Tillamook County,Oregon,2
1220,Marion County,Missouri,2
1221,Mercer County,Missouri,2
1222,Miller County,Missouri,2
1223,Mississippi County,Missouri,2
1224,Hampton County,South Carolina,2
1225,Monroe County,Missouri,2
1226,Morgan County,Missouri,2
1227,Texas County,Oklahoma,2
1228,Corson County,South Dakota,2
1229,Grant County,South Dakota,2
1230,Oregon County,Missouri,2
1231,Codington County,South Dakota,2
1232,Ozark County,Missouri,2
1233,Clark County,South Dakota,2
1234,Pettis County,Missouri,2
1235,Phelps County,Missouri,2
1236,Jasper County,South Carolina,2
1237,Charles Mix County,South Dakota,2
1238,Campbell County,South Dakota,2
1239,Washington County,Oklahoma,2
1240,Pulaski County,Missouri,2
1241,Ralls County,Missouri,2
1242,Randolph County,Missouri,2
1243,Linn County,Missouri,2
1244,Day County,South Dakota,2
1245,Lewis County,Missouri,2
1246,Lawrence County,Missouri,2
1247,Crawford County,Missouri,2
1248,Dade County,Missouri,2
1249,Dallas County,Missouri,2
1250,Daviess County,Missouri,2
1251,DeKalb County,Missouri,2
1252,Dent County,Missouri,2
1253,Douglas County,Missouri,2
1254,Faulk County,South Dakota,2
1255,Franklin County,Missouri,2
1256,Florence County,South Carolina,2
1257,Columbus County,North Carolina,2
1258,Fall River County,South Dakota,2
1259,Grundy County,Missouri,2
1260,Harrison County,Missouri,2
1261,Henry County,Missouri,2
1262,Currituck County,North Carolina,2
1263,Hickory County,Missouri,2
1264,Holt County,Missouri,2
1265,Edmunds County,South Dakota,2
1266,Howell County,Missouri,2
1267,Iron County,Missouri,2
1268,Douglas County,South Dakota,2
1269,Jasper County,Missouri,2
1270,Johnson County,Missouri,2
1271,Sequoyah County,Oklahoma,2
1272,Laclede County,Missouri,2
1273,Deuel County,South Dakota,2
1274,Polk County,Missouri,2
1275,Carter County,Oklahoma,2
1276,Sac County,Iowa,2
1277,Clay County,Iowa,2
1278,Clark County,Wisconsin,2
1279,Adams County,Iowa,2
1280,Allamakee County,Iowa,2
1281,Audubon County,Iowa,2
1282,Crawford County,Wisconsin,2
1283,Rains County,Texas,2
1284,Buena Vista County,Iowa,2
1285,Calhoun County,Iowa,2
1286,Carroll County,Iowa,2
1287,Cass County,Iowa,2
1288,Cherokee County,Iowa,2
1289,Dodge County,Wisconsin,2
1290,Clayton County,Iowa,2
1291,Lewis County,West Virginia,2
1292,Decatur County,Iowa,2
1293,Fond du Lac County,Wisconsin,2
1294,Des Moines County,Iowa,2
1295,Dickinson County,Iowa,2
1296,Emmet County,Iowa,2
1297,Greene County,Iowa,2
1298,Guthrie County,Iowa,2
1299,Hamilton County,Iowa,2
1300,Harrison County,Iowa,2
1301,Henry County,Iowa,2
1302,Humboldt County,Iowa,2
1303,Ida County,Iowa,2
1304,Wells County,Indiana,2
1305,Wayne County,Indiana,2
1306,Roberts County,Texas,2
1307,Vigo County,Indiana,2
1308,Huntington County,Indiana,2
1309,Jasper County,Indiana,2
1310,Jay County,Indiana,2
1311,Knox County,Indiana,2
1312,Ritchie County,West Virginia,2
1313,Upshur County,West Virginia,2
1314,Wayne County,West Virginia,2
1315,Marshall County,Indiana,2
1316,Siskiyou County,California,2
1317,Sierra County,California,2
1318,Smith County,Texas,2
1319,Sherman County,Texas,2
1320,Parke County,Indiana,2
1321,Scurry County,Texas,2
1322,Wirt County,West Virginia,2
1323,Posey County,Indiana,2
1324,Pulaski County,Indiana,2
1325,Randolph County,Indiana,2
1326,Adams County,Wisconsin,2
1327,Rush County,Indiana,2
1328,Shelby County,Indiana,2
1329,Starke County,Indiana,2
1330,Sullivan County,Indiana,2
1331,Barron County,Wisconsin,2
1332,Vermillion County,Indiana,2
1333,Jasper County,Iowa,2
1334,Kossuth County,Iowa,2
1335,Lee County,Iowa,2
1336,Barton County,Kansas,2
1337,Chase County,Kansas,2
1338,Chautauqua County,Kansas,2
1339,Cherokee County,Kansas,2
1340,Clark County,Kansas,2
1341,Cloud County,Kansas,2
1342,Crawford County,Kansas,2
1343,Decatur County,Kansas,2
1344,Dickinson County,Kansas,2
1345,Doniphan County,Kansas,2
1346,Polk County,Arkansas,2
1347,Ellis County,Kansas,2
1348,Ellsworth County,Kansas,2
1349,Finney County,Kansas,2
1350,Ford County,Kansas,2
1351,Manitowoc County,Wisconsin,2
1352,Gove County,Kansas,2
1353,Graham County,Kansas,2
1354,Grant County,Kansas,2
1355,Gray County,Kansas,2
1356,Greeley County,Kansas,2
1357,Hamilton County,Kansas,2
1358,Marathon County,Wisconsin,2
1359,Haskell County,Kansas,2
1360,Hodgeman County,Kansas,2
1361,Ouachita County,Arkansas,2
1362,Bourbon County,Kansas,2
1363,Atchison County,Kansas,2
1364,Ochiltree County,Texas,2
1365,Anderson County,Kansas,2
1366,Jefferson County,Wisconsin,2
1367,Yell County,Arkansas,2
1368,Juneau County,Wisconsin,2
1369,Montgomery County,Iowa,2
1370,Muscatine County,Iowa,2
1371,O'Brien County,Iowa,2
1372,Osceola County,Iowa,2
1373,Palo Alto County,Iowa,2
1374,Plymouth County,Iowa,2
1375,Pocahontas County,Iowa,2
1376,Pottawattamie County,Iowa,2
1377,Poweshiek County,Iowa,2
1378,Ringgold County,Iowa,2
1379,Union County,Arkansas,2
1380,Sioux County,Iowa,2
1381,Sevier County,Arkansas,2
1382,Mitchell County,Texas,2
1383,Sebastian County,Arkansas,2
1384,Scott County,Arkansas,2
1385,Wayne County,Iowa,2
1386,Webster County,Iowa,2
1387,Winneshiek County,Iowa,2
1388,Woodbury County,Iowa,2
1389,Wright County,Iowa,2
1390,Allen County,Kansas,2
1391,Henry County,Indiana,2
1392,Kanawha County,West Virginia,2
1393,Nevada County,Arkansas,2
1394,Canyon County,Idaho,2
1395,Turner County,Georgia,2
1396,Upson County,Georgia,2
1397,Walker County,Georgia,2
1398,Catoosa County,Georgia,2
1399,Washington County,Georgia,2
1400,Wheeler County,Georgia,2
1401,Whitfield County,Georgia,2
1402,Wilcox County,Georgia,2
1403,Ada County,Idaho,2
1404,Bear Lake County,Idaho,2
1405,Blaine County,Idaho,2
1406,Camas County,Idaho,2
1407,Camden County,Georgia,2
1408,Fulton County,Indiana,2
1409,Cassia County,Idaho,2
1410,Clark County,Idaho,2
1411,Elmore County,Idaho,2
1412,Butts County,Georgia,2
1413,Franklin County,Idaho,2
1414,Washington County,Virginia,2
1415,Fremont County,Idaho,2
1416,Gem County,Idaho,2
1417,Gooding County,Idaho,2
1418,Jerome County,Idaho,2
1419,Kootenai County,Idaho,2
1420,Lincoln County,Idaho,2
1421,Troup County,Georgia,2
1422,Telfair County,Georgia,2
1423,Taylor County,Georgia,2
1424,Talbot County,Georgia,2
1425,Heard County,Georgia,2
1426,Gordon County,Georgia,2
1427,Jackson County,Georgia,2
1428,Jeff Davis County,Georgia,2
1429,Jefferson County,Georgia,2
1430,Jenkins County,Georgia,2
1431,Johnson County,Georgia,2
1432,King George County,Virginia,2
1433,Glascock County,Georgia,2
1434,Gilmer County,Georgia,2
1435,Laurens County,Georgia,2
1436,Franklin County,Georgia,2
1437,Floyd County,Georgia,2
1438,Madison County,Georgia,2
1439,Elbert County,Georgia,2
1440,Meriwether County,Georgia,2
1441,Montgomery County,Georgia,2
1442,Murray County,Georgia,2
1443,Dodge County,Georgia,2
1444,Grayson County,Virginia,2
1445,Dade County,Georgia,2
1446,Crisp County,Georgia,2
1447,Colquitt County,Georgia,2
1448,Screven County,Georgia,2
1449,Chattooga County,Georgia,2
1450,Minidoka County,Idaho,2
1451,Alleghany County,Virginia,2
1452,Ben Hill County,Georgia,2
1453,Emery County,Utah,2
1454,Carbon County,Utah,2
1455,Pike County,Illinois,2
1456,Pulaski County,Illinois,2
1457,Richland County,Illinois,2
1458,Bradford County,Florida,2
1459,Moore County,Tennessee,2
1460,Saline County,Illinois,2
1461,Schuyler County,Illinois,2
1462,Scott County,Illinois,2
1463,Washington County,Illinois,2
1464,White County,Illinois,2
1465,Adams County,Indiana,2
1466,Bartholomew County,Indiana,2
1467,Doddridge County,West Virginia,2
1468,Wheeler County,Texas,2
1469,Clay County,Indiana,2
1470,Rio Blanco County,Colorado,2
1471,Fayette County,West Virginia,2
1472,Decatur County,Indiana,2
1473,DeKalb County,Indiana,2
1474,Gilmer County,West Virginia,2
1475,Harrison County,West Virginia,2
1476,Fayette County,Indiana,2
1477,Van Zandt County,Texas,2
1478,Jackson County,West Virginia,2
1479,Hardee County,Florida,2
1480,Holmes County,Florida,2
1481,Owyhee County,Idaho,2
1482,Mason County,Illinois,2
1483,Bartow County,Georgia,2
1484,Twin Falls County,Idaho,2
1485,Washington County,Idaho,2
1486,Adams County,Illinois,2
1487,Brown County,Illinois,2
1488,Cass County,Illinois,2
1489,Clark County,Illinois,2
1490,Coles County,Illinois,2
1491,Crawford County,Illinois,2
1492,Banks County,Georgia,2
1493,Edgar County,Illinois,2
1494,Gallatin County,Illinois,2
1495,Greene County,Illinois,2
1496,Hamilton County,Illinois,2
1497,Hancock County,Illinois,2
1498,Hardin County,Illinois,2
1499,Jefferson County,Illinois,2
1500,Johnson County,Illinois,2
1501,Washington County,Florida,2
1502,Uintah County,Utah,2
1503,Sevier County,Utah,2
1504,Lawrence County,Illinois,2
1505,Madison County,Florida,2
1506,Millard County,Utah,2
1507,Juab County,Utah,2
1508,Jewell County,Kansas,2
1509,Haralson County,Georgia,2
1510,Kearny County,Kansas,2
1511,Lincoln County,Kentucky,2
1512,Hansford County,Texas,2
1513,Collingsworth County,Texas,2
1514,Magoffin County,Kentucky,2
1515,Martin County,Kentucky,2
1516,Jackson County,Louisiana,2
1517,Hall County,Texas,2
1518,Clay County,Alabama,2
1519,Menifee County,Kentucky,2
1520,Platte County,Wyoming,2
1521,Aroostook County,Maine,2
1522,Cleburne County,Alabama,2
1523,Wood County,Wisconsin,2
1524,Albany County,Wyoming,2
1525,Iberia County,Louisiana,2
1526,Big Horn County,Wyoming,2
1527,Park County,Wyoming,2
1528,Van Buren County,Tennessee,2
1529,Morgan County,Kentucky,2
1530,Warren County,Tennessee,2
1531,Jefferson Davis County,Louisiana,2
1532,Walworth County,Wisconsin,2
1533,Monroe County,Alabama,2
1534,Vernon County,Wisconsin,2
1535,Houston County,Texas,2
1536,Baxter County,Arkansas,2
1537,Catahoula County,Louisiana,2
1538,Chambers County,Alabama,2
1539,Sheboygan County,Wisconsin,2
1540,Taylor County,Wisconsin,2
1541,Lowndes County,Alabama,2
1542,Jackson County,Kentucky,2
1543,Hemphill County,Texas,2
1544,Johnson County,Kentucky,2
1545,Cherokee County,Alabama,2
1546,Hillsdale County,Michigan,2
1547,Knott County,Kentucky,2
1548,Knox County,Kentucky,2
1549,Weston County,Wyoming,2
1550,Sheridan County,Wyoming,2
1551,Laurel County,Kentucky,2
1552,Lawrence County,Kentucky,2
1553,Lee County,Kentucky,2
1554,Gray County,Texas,2
1555,Campbell County,Wyoming,2
1556,Lawrence County,Alabama,2
1557,Franklin County,Louisiana,2
1558,Talladega County,Alabama,2
1559,Niobrara County,Wyoming,2
1560,Hot Springs County,Wyoming,2
1561,Donley County,Texas,2
1562,Whitley County,Kentucky,2
1563,Wolfe County,Kentucky,2
1564,Duval County,Texas,2
1565,Concordia County,Louisiana,2
1566,Acadia County,Louisiana,2
1567,Allen County,Louisiana,2
1568,Escambia County,Alabama,2
1569,Fannin County,Texas,2
1570,Johnson County,Wyoming,2
1571,Laramie County,Wyoming,2
1572,Avoyelles County,Louisiana,2
1573,Geneva County,Alabama,2
1574,Lincoln County,Wyoming,2
1575,Randolph County,Alabama,2
1576,Fayette County,Alabama,2
1577,Angelina County,Texas,2
1578,Labette County,Kansas,2
1579,Union County,Kentucky,2
1580,Powell County,Kentucky,2
1581,White County,Tennessee,2
1582,Winston County,Alabama,2
1583,Evangeline County,Louisiana,2
1584,Owsley County,Kentucky,2
1585,Converse County,Wyoming,2
1586,Covington County,Alabama,2
1587,Perry County,Kentucky,2
1588,Crook County,Wyoming,2
1589,Pulaski County,Kentucky,2
1590,Trimble County,Kentucky,2
1591,Rockcastle County,Kentucky,2
1592,Anderson County,Texas,2
1593,Rowan County,Kentucky,2
1594,Fremont County,Wyoming,2
1595,Frio County,Texas,2
1596,Simpson County,Kentucky,2
1597,Cullman County,Alabama,2
1598,Goshen County,Wyoming,2
1599,Boone County,Arkansas,2
1600,Calhoun County,Alabama,2
1601,Dallam County,Texas,2
1602,Cherokee County,Texas,2
1603,Rawlins County,Kansas,2
1604,Reno County,Kansas,2
1605,Republic County,Kansas,2
1606,Rice County,Kansas,2
1607,Logan County,Arkansas,2
1608,Rooks County,Kansas,2
1609,Russell County,Kansas,2
1610,Saline County,Kansas,2
1611,Scott County,Kansas,2
1612,Obion County,Tennessee,2
1613,Seward County,Kansas,2
1614,Sheridan County,Kansas,2
1615,Smith County,Kansas,2
1616,Stanton County,Kansas,2
1617,Overton County,Tennessee,2
1618,Stevens County,Kansas,2
1619,Sumner County,Kansas,2
1620,Thomas County,Kansas,2
1621,Calhoun County,Arkansas,2
1622,Lipscomb County,Texas,2
1623,Cooke County,Texas,2
1624,Wallace County,Kansas,2
1625,Childress County,Texas,2
1626,Lane County,Kansas,2
1627,Lincoln County,Kansas,2
1628,Linn County,Kansas,2
1629,Marquette County,Wisconsin,2
1630,Logan County,Kansas,2
1631,Lyon County,Kansas,2
1632,McPherson County,Kansas,2
1633,Meade County,Kansas,2
1634,Marion County,Arkansas,2
1635,Mitchell County,Kansas,2
1636,Montgomery County,Kansas,2
1637,Morton County,Kansas,2
1638,Washakie County,Wyoming,2
1639,Neosho County,Kansas,2
1640,Ness County,Kansas,2
1641,Norton County,Kansas,2
1642,Osborne County,Kansas,2
1643,Ottawa County,Kansas,2
1644,Phillips County,Kansas,2
1645,Lee County,Arkansas,2
1646,Trego County,Kansas,2
1647,Rapides County,Louisiana,2
1648,Sequatchie County,Tennessee,2
1649,Robertson County,Tennessee,2
1650,Casey County,Kentucky,2
1651,Richland County,Wisconsin,2
1652,Clay County,Kentucky,2
1653,Crittenden County,Kentucky,2
1654,Scott County,Tennessee,2
1655,Elliott County,Kentucky,2
1656,Crawford County,Arkansas,2
1657,Jackson County,Michigan,2
1658,Dallas County,Arkansas,2
1659,Floyd County,Kentucky,2
1660,Columbia County,Arkansas,2
1661,Culberson County,Texas,2
1662,Washington County,Louisiana,2
1663,Webster County,Louisiana,2
1664,Cleveland County,Arkansas,2
1665,Hutchinson County,Texas,2
1666,Graves County,Kentucky,2
1667,Carroll County,Kentucky,2
1668,Sublette County,Wyoming,2
1669,Perry County,Tennessee,2
1670,Breathitt County,Kentucky,2
1671,Washington County,Kansas,2
1672,Wichita County,Kansas,2
1673,Wilson County,Kansas,2
1674,La Salle County,Texas,2
1675,Lafayette County,Arkansas,2
1676,Johnson County,Arkansas,2
1677,Jackson County,Arkansas,2
1678,Independence County,Arkansas,2
1679,Bell County,Kentucky,2
1680,Marion County,Alabama,2
1681,Claiborne County,Louisiana,2
1682,Putnam County,Tennessee,2
1683,Franklin County,Arkansas,2
1684,Portage County,Wisconsin,2
1685,Wasco County,Oregon,1
1686,Umatilla County,Oregon,1
1687,Arthur County,Nebraska,1
1688,York County,Virginia,1
1689,Adams County,Washington,1
1690,Oglala Lakota County,South Dakota,1
1691,Slope County,North Dakota,1
1692,Warren County,Virginia,1
1693,Wise County,Virginia,1
1694,Billings County,North Dakota,1
1695,Hughes County,Oklahoma,1
1696,Greer County,Oklahoma,1
1697,Washington County,Oregon,1
1698,La Salle Parish County,Louisiana,1
1699,McPherson County,Nebraska,1
1700,Grady County,Oklahoma,1
1701,Powhatan County,Virginia,1
1702,Orange County,Virginia,1
1703,Chesapeake County,Virginia,1
1704,Berks County,Pennsylvania,1
1705,Nottoway County,Virginia,1
1706,Comanche County,Oklahoma,1
1707,Bucks County,Pennsylvania,1
1708,Butler County,Pennsylvania,1
1709,New Kent County,Virginia,1
1710,Virginia Beach County,Virginia,1
1711,Centre County,Pennsylvania,1
1712,Cleveland County,Oklahoma,1
1713,Chester County,Pennsylvania,1
1714,Newport News County,Virginia,1
1715,Clarion County,Pennsylvania,1
1716,Clinton County,Pennsylvania,1
1717,Columbia County,Pennsylvania,1
1718,Hampton County,Virginia,1
1719,Montgomery County,Virginia,1
1720,Suffolk County,Virginia,1
1721,Prince Edward County,Virginia,1
1722,Prince George County,Virginia,1
1723,Kenedy County,Texas,1
1724,Doa Ana County,New Mexico,1
1725,Hartley County,Texas,1
1726,Sussex County,Virginia,1
1727,Loving County,Texas,1
1728,Garvin County,Oklahoma,1
1729,Borden County,Texas,1
1730,McMullen County,Texas,1
1731,Stafford County,Virginia,1
1732,Spotsylvania County,Virginia,1
1733,Prince William County,Virginia,1
1734,Yamhill County,Oregon,1
1735,Dewey County,Oklahoma,1
1736,Southampton County,Virginia,1
1737,King County,Texas,1
1738,Rockingham County,Virginia,1
1739,Allegheny County,Pennsylvania,1
1740,Richmond County,Virginia,1
1741,Custer County,Oklahoma,1
1742,Jackson County,Oklahoma,1
1743,Cabell County,West Virginia,1
1744,Uinta County,Wyoming,1
1745,Washington County,Wisconsin,1
1746,Sauk County,Wisconsin,1
1747,Dane County,Wisconsin,1
1748,Okmulgee County,Oklahoma,1
1749,Columbia County,Wisconsin,1
1750,Oklahoma County,Oklahoma,1
1751,Trempealeau County,Wisconsin,1
1752,Chippewa County,Wisconsin,1
1753,Calumet County,Wisconsin,1
1754,Brown County,Wisconsin,1
1755,Noble County,Oklahoma,1
1756,Teton County,Wyoming,1
1757,Waukesha County,Wisconsin,1
1758,Rogers County,Oklahoma,1
1759,Muskogee County,Oklahoma,1
1760,Seminole County,Oklahoma,1
1761,Winnebago County,Wisconsin,1
1762,Murray County,Oklahoma,1
1763,Stephens County,Oklahoma,1
1764,Tillman County,Oklahoma,1
1765,Tulsa County,Oklahoma,1
1766,St. Croix County,Wisconsin,1
1767,Douglas County,Wisconsin,1
1768,Dunn County,Wisconsin,1
1769,Eau Claire County,Wisconsin,1
1770,Menominee County,Wisconsin,1
1771,Milwaukee County,Wisconsin,1
1772,Lafayette County,Wisconsin,1
1773,La Crosse County,Wisconsin,1
1774,Monroe County,Wisconsin,1
1775,Kewaunee County,Wisconsin,1
1776,Crawford County,Pennsylvania,1
1777,Outagamie County,Wisconsin,1
1778,Kenosha County,Wisconsin,1
1779,Pierce County,Wisconsin,1
1780,Jackson County,Wisconsin,1
1781,Iowa County,Wisconsin,1
1782,Racine County,Wisconsin,1
1783,Green County,Wisconsin,1
1784,Pottawatomie County,Oklahoma,1
1785,Pontotoc County,Oklahoma,1
1786,Grant County,Wisconsin,1
1787,Rock County,Wisconsin,1
1788,Payne County,Oklahoma,1
1789,Putnam County,West Virginia,1
1790,Wagoner County,Oklahoma,1
1791,Pleasants County,West Virginia,1
1792,Hood River County,Oregon,1
1793,King County,Washington,1
1794,Jefferson County,Oregon,1
1795,Grant County,Washington,1
1796,Franklin County,Washington,1
1797,Douglas County,Washington,1
1798,Cowlitz County,Washington,1
1799,Clark County,Washington,1
1800,Chelan County,Washington,1
1801,Lane County,Oregon,1
1802,Kiowa County,Oklahoma,1
1803,Benton County,Washington,1
1804,Linn County,Oregon,1
1805,Malheur County,Oregon,1
1806,Marion County,Oregon,1
1807,Kingfisher County,Oklahoma,1
1808,Morrow County,Oregon,1
1809,Sweetwater County,Wyoming,1
1810,Multnomah County,Oregon,1
1811,Polk County,Oregon,1
1812,Kitsap County,Washington,1
1813,Kittitas County,Washington,1
1814,Carbon County,Wyoming,1
1815,Logan County,Oklahoma,1
1816,Monongalia County,West Virginia,1
1817,Washita County,Oklahoma,1
1818,Marion County,West Virginia,1
1819,Jefferson County,West Virginia,1
1820,Benton County,Oregon,1
1821,Clackamas County,Oregon,1
1822,Columbia County,Oregon,1
1823,McClain County,Oklahoma,1
1824,Berkeley County,West Virginia,1
1825,Yakima County,Washington,1
1826,Deschutes County,Oregon,1
1827,Whitman County,Washington,1
1828,Whatcom County,Washington,1
1829,Walla Walla County,Washington,1
1830,Thurston County,Washington,1
1831,Spokane County,Washington,1
1832,Snohomish County,Washington,1
1833,Natrona County,Wyoming,1
1834,Pierce County,Washington,1
1835,Montgomery County,Tennessee,1
1836,Beaver County,Utah,1
1837,Cumberland County,Pennsylvania,1
1838,Hidalgo County,Texas,1
1839,Jim Hogg County,Texas,1
1840,Jefferson County,Texas,1
1841,Lincoln County,South Dakota,1
1842,Jasper County,Texas,1
1843,Jackson County,Texas,1
1844,Jack County,Texas,1
1845,Irion County,Texas,1
1846,Hunt County,Texas,1
1847,Hudspeth County,Texas,1
1848,Howard County,Texas,1
1849,Hopkins County,Texas,1
1850,Minnehaha County,South Dakota,1
1851,Moody County,South Dakota,1
1852,Hockley County,Texas,1
1853,Hays County,Texas,1
1854,Nueces County,Texas,1
1855,Harrison County,Texas,1
1856,Harris County,Texas,1
1857,Hardin County,Texas,1
1858,Union County,South Dakota,1
1859,Ziebach County,South Dakota,1
1860,Hale County,Texas,1
1861,Guadalupe County,Texas,1
1862,Cherokee County,Oklahoma,1
1863,Gregg County,Texas,1
1864,Bledsoe County,Tennessee,1
1865,Grayson County,Texas,1
1866,Gonzales County,Texas,1
1867,Glasscock County,Texas,1
1868,Garza County,Texas,1
1869,Jim Wells County,Texas,1
1870,Johnson County,Texas,1
1871,Jones County,Texas,1
1872,Karnes County,Texas,1
1873,Navarro County,Texas,1
1874,Nacogdoches County,Texas,1
1875,Moore County,Texas,1
1876,Montgomery County,Texas,1
1877,Milam County,Texas,1
1878,Brookings County,South Dakota,1
1879,Midland County,Texas,1
1880,Medina County,Texas,1
1881,Clay County,South Dakota,1
1882,Maverick County,Texas,1
1883,Matagorda County,Texas,1
1884,Martin County,Texas,1
1885,Madison County,Texas,1
1886,McLennan County,Texas,1
1887,Dewey County,South Dakota,1
1888,Lynn County,Texas,1
1889,Lubbock County,Texas,1
1890,Live Oak County,Texas,1
1891,Limestone County,Texas,1
1892,Liberty County,Texas,1
1893,Lee County,Texas,1
1894,Lampasas County,Texas,1
1895,Lamb County,Texas,1
1896,Lamar County,Texas,1
1897,Knox County,Texas,1
1898,Kleberg County,Texas,1
1899,Hughes County,South Dakota,1
1900,Kendall County,Texas,1
1901,Kaufman County,Texas,1
1902,Galveston County,Texas,1
1903,Cheatham County,Tennessee,1
1904,Gaines County,Texas,1
1905,Brazos County,Texas,1
1906,Bowie County,Texas,1
1907,Bexar County,Texas,1
1908,Bell County,Texas,1
1909,Bee County,Texas,1
1910,Bastrop County,Texas,1
1911,Hickman County,Tennessee,1
1912,Bailey County,Texas,1
1913,Austin County,Texas,1
1914,Atascosa County,Texas,1
1915,Archer County,Texas,1
1916,Andrews County,Texas,1
1917,Wilson County,Tennessee,1
1918,Williamson County,Tennessee,1
1919,Weakley County,Tennessee,1
1920,Washington County,Tennessee,1
1921,Union County,Tennessee,1
1922,Trousdale County,Tennessee,1
1923,Knox County,Tennessee,1
1924,Tipton County,Tennessee,1
1925,Sumner County,Tennessee,1
1926,Lauderdale County,Tennessee,1
1927,Smith County,Tennessee,1
1928,Lawrence County,Tennessee,1
1929,Shelby County,Tennessee,1
1930,Sevier County,Tennessee,1
1931,Rutherford County,Tennessee,1
1932,Rhea County,Tennessee,1
1933,Madison County,Tennessee,1
1934,Morgan County,Tennessee,1
1935,Brazoria County,Texas,1
1936,Brooks County,Texas,1
1937,Freestone County,Texas,1
1938,Burleson County,Texas,1
1939,Fort Bend County,Texas,1
1940,Floyd County,Texas,1
1941,Davidson County,Tennessee,1
1942,Dickson County,Tennessee,1
1943,Falls County,Texas,1
1944,Erath County,Texas,1
1945,El Paso County,Texas,1
1946,Ellis County,Texas,1
1947,Ector County,Texas,1
1948,Dimmit County,Texas,1
1949,DeWitt County,Texas,1
1950,Denton County,Texas,1
1951,Deaf Smith County,Texas,1
1952,Dawson County,Texas,1
1953,Dallas County,Texas,1
1954,Crosby County,Texas,1
1955,Crockett County,Texas,1
1956,Crane County,Texas,1
1957,Coryell County,Texas,1
1958,Hardeman County,Tennessee,1
1959,Comal County,Texas,1
1960,Collin County,Texas,1
1961,Cochran County,Texas,1
1962,Chambers County,Texas,1
1963,Castro County,Texas,1
1964,Camp County,Texas,1
1965,Cameron County,Texas,1
1966,Calhoun County,Texas,1
1967,Caldwell County,Texas,1
1968,Nolan County,Texas,1
1969,Oldham County,Texas,1
1970,Dauphin County,Pennsylvania,1
1971,Albemarle County,Virginia,1
1972,Union County,Pennsylvania,1
1973,Caroline County,Virginia,1
1974,Buckingham County,Virginia,1
1975,Arlington County,Virginia,1
1976,York County,Pennsylvania,1
1977,Bristol County,Rhode Island,1
1978,Kent County,Rhode Island,1
1979,Providence County,Rhode Island,1
1980,Washington County,Rhode Island,1
1981,Anderson County,South Carolina,1
1982,Amelia County,Virginia,1
1983,Berkeley County,South Carolina,1
1984,Charleston County,South Carolina,1
1985,Cherokee County,South Carolina,1
1986,Washington County,Vermont,1
1987,Orange County,Texas,1
1988,Dorchester County,South Carolina,1
1989,Lamoille County,Vermont,1
1990,Franklin County,Vermont,1
1991,Chittenden County,Vermont,1
1992,Addison County,Vermont,1
1993,Greenville County,South Carolina,1
1994,Weber County,Utah,1
1995,Greenwood County,South Carolina,1
1996,Wasatch County,Utah,1
1997,Kershaw County,South Carolina,1
1998,Utah County,Utah,1
1999,Tooele County,Utah,1
2000,Summit County,Utah,1
2001,Laurens County,South Carolina,1
2002,Chesterfield County,Virginia,1
2003,Snyder County,Pennsylvania,1
2004,Culpeper County,Virginia,1
2005,Dinwiddie County,Virginia,1
2006,Delaware County,Pennsylvania,1
2007,Erie County,Pennsylvania,1
2008,Louisa County,Virginia,1
2009,Loudoun County,Virginia,1
2010,Franklin County,Pennsylvania,1
2011,Indiana County,Pennsylvania,1
2012,King William County,Virginia,1
2013,Lackawanna County,Pennsylvania,1
2014,Lancaster County,Pennsylvania,1
2015,Lebanon County,Pennsylvania,1
2016,Lehigh County,Pennsylvania,1
2017,Isle of Wight County,Virginia,1
2018,Henrico County,Virginia,1
2019,Luzerne County,Pennsylvania,1
2020,Hanover County,Virginia,1
2021,Lycoming County,Pennsylvania,1
2022,McKean County,Pennsylvania,1
2023,Greensville County,Virginia,1
2024,Monroe County,Pennsylvania,1
2025,Greene County,Virginia,1
2026,Montgomery County,Pennsylvania,1
2027,Northampton County,Pennsylvania,1
2028,Gloucester County,Virginia,1
2029,Perry County,Pennsylvania,1
2030,Philadelphia County,Pennsylvania,1
2031,Frederick County,Virginia,1
2032,Fluvanna County,Virginia,1
2033,Fauquier County,Virginia,1
2034,Fairfax County,Virginia,1
2035,Sanpete County,Utah,1
2036,San Juan County,Utah,1
2037,Salt Lake County,Utah,1
2038,Tom Green County,Texas,1
2039,Saluda County,South Carolina,1
2040,Terry County,Texas,1
2041,Spartanburg County,South Carolina,1
2042,Taylor County,Texas,1
2043,Tarrant County,Texas,1
2044,Swisher County,Texas,1
2045,Sutton County,Texas,1
2046,Sterling County,Texas,1
2047,Stephens County,Texas,1
2048,Starr County,Texas,1
2049,Somervell County,Texas,1
2050,Shelby County,Texas,1
2051,Schleicher County,Texas,1
2052,San Patricio County,Texas,1
2053,Rusk County,Texas,1
2054,Runnels County,Texas,1
2055,Rockwall County,Texas,1
2056,Robertson County,Texas,1
2057,Reeves County,Texas,1
2058,Reagan County,Texas,1
2059,Randall County,Texas,1
2060,York County,South Carolina,1
2061,Potter County,Texas,1
2062,Polk County,Texas,1
2063,Pecos County,Texas,1
2064,Parmer County,Texas,1
2065,Parker County,Texas,1
2066,Panola County,Texas,1
2067,Palo Pinto County,Texas,1
2068,Titus County,Texas,1
2069,Richland County,South Carolina,1
2070,Rich County,Utah,1
2071,Travis County,Texas,1
2072,Morgan County,Utah,1
2073,Iron County,Utah,1
2074,Grand County,Utah,1
2075,Lexington County,South Carolina,1
2076,Duchesne County,Utah,1
2077,Davis County,Utah,1
2078,Cache County,Utah,1
2079,Box Elder County,Utah,1
2080,Zavala County,Texas,1
2081,Zapata County,Texas,1
2082,Yoakum County,Texas,1
2083,Wise County,Texas,1
2084,Winkler County,Texas,1
2085,Wilson County,Texas,1
2086,Williamson County,Texas,1
2087,Willacy County,Texas,1
2088,Wilbarger County,Texas,1
2089,Wichita County,Texas,1
2090,Wharton County,Texas,1
2091,Webb County,Texas,1
2092,Ward County,Texas,1
2093,Waller County,Texas,1
2094,Pickens County,South Carolina,1
2095,Walker County,Texas,1
2096,Victoria County,Texas,1
2097,Val Verde County,Texas,1
2098,Uvalde County,Texas,1
2099,Upton County,Texas,1
2100,Upshur County,Texas,1
2101,Grimes County,Texas,1
2102,Autauga County,Alabama,1
2103,Canadian County,Oklahoma,1
2104,Bond County,Illinois,1
2105,Macon County,Illinois,1
2106,McLean County,Illinois,1
2107,McHenry County,Illinois,1
2108,McDonough County,Illinois,1
2109,Logan County,Illinois,1
2110,Livingston County,Illinois,1
2111,Lee County,Illinois,1
2112,LaSalle County,Illinois,1
2113,Lake County,Illinois,1
2114,Kendall County,Illinois,1
2115,Kankakee County,Illinois,1
2116,Kane County,Illinois,1
2117,Jersey County,Illinois,1
2118,Jackson County,Illinois,1
2119,Grundy County,Illinois,1
2120,Fulton County,Illinois,1
2121,Ford County,Illinois,1
2122,Fayette County,Illinois,1
2123,Effingham County,Illinois,1
2124,DuPage County,Illinois,1
2125,Douglas County,Illinois,1
2126,De Witt County,Illinois,1
2127,DeKalb County,Illinois,1
2128,Cook County,Illinois,1
2129,Clinton County,Illinois,1
2130,Christian County,Illinois,1
2131,Champaign County,Illinois,1
2132,Macoupin County,Illinois,1
2133,Madison County,Illinois,1
2134,Monroe County,Illinois,1
2135,Will County,Illinois,1
2136,Dearborn County,Indiana,1
2137,Daviess County,Indiana,1
2138,Crawford County,Indiana,1
2139,Clinton County,Indiana,1
2140,Clark County,Indiana,1
2141,Cass County,Indiana,1
2142,Carroll County,Indiana,1
2143,Boone County,Indiana,1
2144,Benton County,Indiana,1
2145,Allen County,Indiana,1
2146,Woodford County,Illinois,1
2147,Winnebago County,Illinois,1
2148,Warren County,Illinois,1
2149,Montgomery County,Illinois,1
2150,Vermilion County,Illinois,1
2151,Tazewell County,Illinois,1
2152,Sangamon County,Illinois,1
2153,St. Clair County,Illinois,1
2154,Rock Island County,Illinois,1
2155,Randolph County,Illinois,1
2156,Piatt County,Illinois,1
2157,Perry County,Illinois,1
2158,Peoria County,Illinois,1
2159,Ogle County,Illinois,1
2160,Moultrie County,Illinois,1
2161,Morgan County,Illinois,1
2162,Boone County,Illinois,1
2163,Teton County,Idaho,1
2164,Dubois County,Indiana,1
2165,Power County,Idaho,1
2166,Pike County,Georgia,1
2167,Pierce County,Georgia,1
2168,Peach County,Georgia,1
2169,Paulding County,Georgia,1
2170,Oglethorpe County,Georgia,1
2171,Oconee County,Georgia,1
2172,Newton County,Georgia,1
2173,Muscogee County,Georgia,1
2174,Monroe County,Georgia,1
2175,Mitchell County,Georgia,1
2176,Macon County,Georgia,1
2177,McDuffie County,Georgia,1
2178,Lumpkin County,Georgia,1
2179,Lowndes County,Georgia,1
2180,Long County,Georgia,1
2181,Liberty County,Georgia,1
2182,Lee County,Georgia,1
2183,Lanier County,Georgia,1
2184,Lamar County,Georgia,1
2185,Jones County,Georgia,1
2186,Jasper County,Georgia,1
2187,Irwin County,Georgia,1
2188,Houston County,Georgia,1
2189,Henry County,Georgia,1
2190,Harris County,Georgia,1
2191,Hall County,Georgia,1
2192,Habersham County,Georgia,1
2193,Polk County,Georgia,1
2194,Richmond County,Georgia,1
2195,Rockdale County,Georgia,1
2196,Worth County,Georgia,1
2197,Payette County,Idaho,1
2198,Nez Perce County,Idaho,1
2199,Madison County,Idaho,1
2200,Latah County,Idaho,1
2201,Jefferson County,Idaho,1
2202,Caribou County,Idaho,1
2203,Bonneville County,Idaho,1
2204,Bingham County,Idaho,1
2205,Bannock County,Idaho,1
2206,Maui County,Hawaii,1
2207,Kauai County,Hawaii,1
2208,Honolulu County,Hawaii,1
2209,Wilkinson County,Georgia,1
2210,Schley County,Georgia,1
2211,Wayne County,Georgia,1
2212,Ware County,Georgia,1
2213,Walton County,Georgia,1
2214,Treutlen County,Georgia,1
2215,Toombs County,Georgia,1
2216,Tift County,Georgia,1
2217,Thomas County,Georgia,1
2218,Terrell County,Georgia,1
2219,Tattnall County,Georgia,1
2220,Sumter County,Georgia,1
2221,Stewart County,Georgia,1
2222,Spalding County,Georgia,1
2223,Delaware County,Indiana,1
2224,Elkhart County,Indiana,1
2225,Grady County,Georgia,1
2226,Mills County,Iowa,1
2227,Wabaunsee County,Kansas,1
2228,Shawnee County,Kansas,1
2229,Sedgwick County,Kansas,1
2230,Riley County,Kansas,1
2231,Pratt County,Kansas,1
2232,Pottawatomie County,Kansas,1
2233,Osage County,Kansas,1
2234,Nemaha County,Kansas,1
2235,Miami County,Kansas,1
2236,Leavenworth County,Kansas,1
2237,Johnson County,Kansas,1
2238,Jefferson County,Kansas,1
2239,Jackson County,Kansas,1
2240,Harvey County,Kansas,1
2241,Geary County,Kansas,1
2242,Franklin County,Kansas,1
2243,Douglas County,Kansas,1
2244,Cowley County,Kansas,1
2245,Butler County,Kansas,1
2246,Washington County,Iowa,1
2247,Warren County,Iowa,1
2248,Wapello County,Iowa,1
2249,Union County,Iowa,1
2250,Tama County,Iowa,1
2251,Story County,Iowa,1
2252,Scott County,Iowa,1
2253,Polk County,Iowa,1
2254,Wyandotte County,Kansas,1
2255,Adair County,Kentucky,1
2256,Allen County,Kentucky,1
2257,Daviess County,Kentucky,1
2258,Harrison County,Kentucky,1
2259,Harlan County,Kentucky,1
2260,Hardin County,Kentucky,1
2261,Hancock County,Kentucky,1
2262,Grayson County,Kentucky,1
2263,Grant County,Kentucky,1
2264,Garrard County,Kentucky,1
2265,Gallatin County,Kentucky,1
2266,Franklin County,Kentucky,1
2267,Fleming County,Kentucky,1
2268,Fayette County,Kentucky,1
2269,Estill County,Kentucky,1
2270,Clark County,Kentucky,1
2271,Anderson County,Kentucky,1
2272,Christian County,Kentucky,1
2273,Carter County,Kentucky,1
2274,Campbell County,Kentucky,1
2275,Calloway County,Kentucky,1
2276,Butler County,Kentucky,1
2277,Bullitt County,Kentucky,1
2278,Breckinridge County,Kentucky,1
2279,Bracken County,Kentucky,1
2280,Bourbon County,Kentucky,1
2281,Boone County,Kentucky,1
2282,Bath County,Kentucky,1
2283,Barren County,Kentucky,1
2284,Monroe County,Iowa,1
2285,Marshall County,Iowa,1
2286,Floyd County,Indiana,1
2287,Marion County,Iowa,1
2288,Porter County,Indiana,1
2289,Pike County,Indiana,1
2290,Perry County,Indiana,1
2291,Noble County,Indiana,1
2292,Morgan County,Indiana,1
2293,Montgomery County,Indiana,1
2294,Monroe County,Indiana,1
2295,Miami County,Indiana,1
2296,Martin County,Indiana,1
2297,Marion County,Indiana,1
2298,Madison County,Indiana,1
2299,LaPorte County,Indiana,1
2300,Lake County,Indiana,1
2301,LaGrange County,Indiana,1
2302,Kosciusko County,Indiana,1
2303,Johnson County,Indiana,1
2304,Jennings County,Indiana,1
2305,Jefferson County,Indiana,1
2306,Jackson County,Indiana,1
2307,Howard County,Indiana,1
2308,Hendricks County,Indiana,1
2309,Harrison County,Indiana,1
2310,Hancock County,Indiana,1
2311,Hamilton County,Indiana,1
2312,Grant County,Indiana,1
2313,Gibson County,Indiana,1
2314,Franklin County,Indiana,1
2315,Putnam County,Indiana,1
2316,Ripley County,Indiana,1
2317,St. Joseph County,Indiana,1
2318,Cedar County,Iowa,1
2319,Mahaska County,Iowa,1
2320,Madison County,Iowa,1
2321,Lyon County,Iowa,1
2322,Linn County,Iowa,1
2323,Johnson County,Iowa,1
2324,Iowa County,Iowa,1
2325,Dubuque County,Iowa,1
2326,Delaware County,Iowa,1
2327,Davis County,Iowa,1
2328,Dallas County,Iowa,1
2329,Crawford County,Iowa,1
2330,Clarke County,Iowa,1
2331,Buchanan County,Iowa,1
2332,Scott County,Indiana,1
2333,Bremer County,Iowa,1
2334,Boone County,Iowa,1
2335,Black Hawk County,Iowa,1
2336,Benton County,Iowa,1
2337,Whitley County,Indiana,1
2338,White County,Indiana,1
2339,Washington County,Indiana,1
2340,Warrick County,Indiana,1
2341,Vanderburgh County,Indiana,1
2342,Tippecanoe County,Indiana,1
2343,Switzerland County,Indiana,1
2344,Spencer County,Indiana,1
2345,Gwinnett County,Georgia,1
2346,Fulton County,Georgia,1
2347,Caddo County,Oklahoma,1
2348,Craighead County,Arkansas,1
2349,Colusa County,California,1
2350,Butte County,California,1
2351,Alameda County,California,1
2352,White County,Arkansas,1
2353,Washington County,Arkansas,1
2354,Saline County,Arkansas,1
2355,St. Francis County,Arkansas,1
2356,Randolph County,Arkansas,1
2357,Pulaski County,Arkansas,1
2358,Pope County,Arkansas,1
2359,Poinsett County,Arkansas,1
2360,Phillips County,Arkansas,1
2361,Mississippi County,Arkansas,1
2362,Miller County,Arkansas,1
2363,Madison County,Arkansas,1
2364,Lonoke County,Arkansas,1
2365,Lincoln County,Arkansas,1
2366,Jefferson County,Arkansas,1
2367,Howard County,Arkansas,1
2368,Hot Spring County,Arkansas,1
2369,Hempstead County,Arkansas,1
2370,Greene County,Arkansas,1
2371,Grant County,Arkansas,1
2372,Faulkner County,Arkansas,1
2373,Drew County,Arkansas,1
2374,Desha County,Arkansas,1
2375,Cross County,Arkansas,1
2376,Contra Costa County,California,1
2377,Del Norte County,California,1
2378,Fresno County,California,1
2379,Riverside County,California,1
2380,Solano County,California,1
2381,Santa Cruz County,California,1
2382,Santa Clara County,California,1
2383,Santa Barbara County,California,1
2384,San Mateo County,California,1
2385,San Luis Obispo County,California,1
2386,San Joaquin County,California,1
2387,San Francisco County,California,1
2388,San Diego County,California,1
2389,San Bernardino County,California,1
2390,San Benito County,California,1
2391,Sacramento County,California,1
2392,Placer County,California,1
2393,Glenn County,California,1
2394,Orange County,California,1
2395,Napa County,California,1
2396,Monterey County,California,1
2397,Mono County,California,1
2398,Merced County,California,1
2399,Madera County,California,1
2400,Los Angeles County,California,1
2401,Lassen County,California,1
2402,Kings County,California,1
2403,Kern County,California,1
2404,Imperial County,California,1
2405,Humboldt County,California,1
2406,Crittenden County,Arkansas,1
2407,Conway County,Arkansas,1
2408,Stanislaus County,California,1
2409,Clark County,Arkansas,1
2410,Perry County,Alabama,1
2411,Morgan County,Alabama,1
2412,Montgomery County,Alabama,1
2413,Mobile County,Alabama,1
2414,Marshall County,Alabama,1
2415,Marengo County,Alabama,1
2416,Madison County,Alabama,1
2417,Macon County,Alabama,1
2418,Limestone County,Alabama,1
2419,Lee County,Alabama,1
2420,Jefferson County,Alabama,1
2421,Houston County,Alabama,1
2422,Hale County,Alabama,1
2423,Franklin County,Alabama,1
2424,Etowah County,Alabama,1
2425,Elmore County,Alabama,1
2426,DeKalb County,Alabama,1
2427,Dallas County,Alabama,1
2428,Dale County,Alabama,1
2429,Crenshaw County,Alabama,1
2430,Coffee County,Alabama,1
2431,Clarke County,Alabama,1
2432,Chilton County,Alabama,1
2433,Bullock County,Alabama,1
2434,Blount County,Alabama,1
2435,Bibb County,Alabama,1
2436,Barbour County,Alabama,1
2437,Pickens County,Alabama,1
2438,Pike County,Alabama,1
2439,Russell County,Alabama,1
2440,Coconino County,Arizona,1
2441,Bradley County,Arkansas,1
2442,Benton County,Arkansas,1
2443,Ashley County,Arkansas,1
2444,Arkansas County,Arkansas,1
2445,Yuma County,Arizona,1
2446,Santa Cruz County,Arizona,1
2447,Pinal County,Arizona,1
2448,Pima County,Arizona,1
2449,Navajo County,Arizona,1
2450,Maricopa County,Arizona,1
2451,Greenlee County,Arizona,1
2452,Graham County,Arizona,1
2453,Apache County,Arizona,1
2454,St. Clair County,Alabama,1
2455,Yukon-Koyukuk Census Area County,Alaska,1
2456,Skagway Municipality County,Alaska,1
2457,Nome Census Area County,Alaska,1
2458,Kodiak Island Borough County,Alaska,1
2459,Dillingham Census Area County,Alaska,1
2460,Bethel Census Area County,Alaska,1
2461,Wilcox County,Alabama,1
2462,Washington County,Alabama,1
2463,Walker County,Alabama,1
2464,Tuscaloosa County,Alabama,1
2465,Sumter County,Alabama,1
2466,Shelby County,Alabama,1
2467,Sonoma County,California,1
2468,Sutter County,California,1
2469,Forsyth County,Georgia,1
2470,Escambia County,Florida,1
2471,Brantley County,Georgia,1
2472,Bleckley County,Georgia,1
2473,Bibb County,Georgia,1
2474,Berrien County,Georgia,1
2475,Barrow County,Georgia,1
2476,Baldwin County,Georgia,1
2477,Bacon County,Georgia,1
2478,Atkinson County,Georgia,1
2479,Appling County,Georgia,1
2480,Wakulla County,Florida,1
2481,Union County,Florida,1
2482,Seminole County,Florida,1
2483,Santa Rosa County,Florida,1
2484,St. Johns County,Florida,1
2485,Polk County,Florida,1
2486,Osceola County,Florida,1
2487,Orange County,Florida,1
2488,Okeechobee County,Florida,1
2489,Okaloosa County,Florida,1
2490,Miami-Dade County,Florida,1
2491,Liberty County,Florida,1
2492,Leon County,Florida,1
2493,Lafayette County,Florida,1
2494,Hillsborough County,Florida,1
2495,Hendry County,Florida,1
2496,Hamilton County,Florida,1
2497,Gilchrist County,Florida,1
2498,Bryan County,Georgia,1
2499,Bulloch County,Georgia,1
2500,Burke County,Georgia,1
2501,Coweta County,Georgia,1
2502,Fayette County,Georgia,1
2503,Evans County,Georgia,1
2504,Emanuel County,Georgia,1
2505,Effingham County,Georgia,1
2506,Echols County,Georgia,1
2507,Early County,Georgia,1
2508,Douglas County,Georgia,1
2509,Dougherty County,Georgia,1
2510,DeKalb County,Georgia,1
2511,Decatur County,Georgia,1
2512,Dawson County,Georgia,1
2513,Crawford County,Georgia,1
2514,Cook County,Georgia,1
2515,Calhoun County,Georgia,1
2516,Columbia County,Georgia,1
2517,Coffee County,Georgia,1
2518,Cobb County,Georgia,1
2519,Clinch County,Georgia,1
2520,Clayton County,Georgia,1
2521,Clarke County,Georgia,1
2522,Cherokee County,Georgia,1
2523,Chattahoochee County,Georgia,1
2524,Chatham County,Georgia,1
2525,Charlton County,Georgia,1
2526,Carroll County,Georgia,1
2527,Candler County,Georgia,1
2528,Gadsden County,Florida,1
2529,Duval County,Florida,1
2530,Tehama County,California,1
2531,Columbia County,Florida,1
2532,La Plata County,Colorado,1
2533,Lake County,Colorado,1
2534,Kit Carson County,Colorado,1
2535,Jefferson County,Colorado,1
2536,Gunnison County,Colorado,1
2537,Grand County,Colorado,1
2538,Gilpin County,Colorado,1
2539,Garfield County,Colorado,1
2540,El Paso County,Colorado,1
2541,Elbert County,Colorado,1
2542,Eagle County,Colorado,1
2543,Douglas County,Colorado,1
2544,Denver County,Colorado,1
2545,Crowley County,Colorado,1
2546,Conejos County,Colorado,1
2547,Clear Creek County,Colorado,1
2548,Cheyenne County,Colorado,1
2549,Broomfield County,Colorado,1
2550,Boulder County,Colorado,1
2551,Bent County,Colorado,1
2552,Arapahoe County,Colorado,1
2553,Alamosa County,Colorado,1
2554,Adams County,Colorado,1
2555,Yuba County,California,1
2556,Yolo County,California,1
2557,Ventura County,California,1
2558,Tulare County,California,1
2559,Larimer County,Colorado,1
2560,Lincoln County,Colorado,1
2561,Logan County,Colorado,1
2562,Middlesex County,Connecticut,1
2563,Clay County,Florida,1
2564,Calhoun County,Florida,1
2565,Broward County,Florida,1
2566,Bay County,Florida,1
2567,Baker County,Florida,1
2568,Alachua County,Florida,1
2569,New Castle County,Delaware,1
2570,Kent County,Delaware,1
2571,Windham County,Connecticut,1
2572,Tolland County,Connecticut,1
2573,New London County,Connecticut,1
2574,New Haven County,Connecticut,1
2575,Hartford County,Connecticut,1
2576,Mesa County,Colorado,1
2577,Fairfield County,Connecticut,1
2578,Yuma County,Colorado,1
2579,Weld County,Colorado,1
2580,Summit County,Colorado,1
2581,San Miguel County,Colorado,1
2582,Routt County,Colorado,1
2583,Pueblo County,Colorado,1
2584,Prowers County,Colorado,1
2585,Pitkin County,Colorado,1
2586,Otero County,Colorado,1
2587,Morgan County,Colorado,1
2588,Moffat County,Colorado,1
2589,Hart County,Kentucky,1
2590,Henderson County,Kentucky,1
2591,Henry County,Kentucky,1
2592,Essex County,New Jersey,1
2593,Valencia County,New Mexico,1
2594,Socorro County,New Mexico,1
2595,San Juan County,New Mexico,1
2596,Sandoval County,New Mexico,1
2597,Roosevelt County,New Mexico,1
2598,Rio Arriba County,New Mexico,1
2599,Otero County,New Mexico,1
2600,McKinley County,New Mexico,1
2601,Los Alamos County,New Mexico,1
2602,Lea County,New Mexico,1
2603,Guadalupe County,New Mexico,1
2604,Curry County,New Mexico,1
2605,Cibola County,New Mexico,1
2606,Chaves County,New Mexico,1
2607,Bernalillo County,New Mexico,1
2608,Warren County,New Jersey,1
2609,Union County,New Jersey,1
2610,Sussex County,New Jersey,1
2611,Somerset County,New Jersey,1
2612,Salem County,New Jersey,1
2613,Passaic County,New Jersey,1
2614,Morris County,New Jersey,1
2615,Monmouth County,New Jersey,1
2616,Middlesex County,New Jersey,1
2617,Mercer County,New Jersey,1
2618,Hunterdon County,New Jersey,1
2619,Hudson County,New Jersey,1
2620,Albany County,New York,1
2621,Allegany County,New York,1
2622,Broome County,New York,1
2623,Madison County,New York,1
2624,Rockland County,New York,1
2625,Rensselaer County,New York,1
2626,Putnam County,New York,1
2627,Oswego County,New York,1
2628,Orleans County,New York,1
2629,Orange County,New York,1
2630,Ontario County,New York,1
2631,Onondaga County,New York,1
2632,Oneida County,New York,1
2633,Niagara County,New York,1
2634,Nassau County,New York,1
2635,Monroe County,New York,1
2636,Livingston County,New York,1
2637,Cattaraugus County,New York,1
2638,Lewis County,New York,1
2639,Jefferson County,New York,1
2640,Herkimer County,New York,1
2641,Genesee County,New York,1
2642,Franklin County,New York,1
2643,Erie County,New York,1
2644,Dutchess County,New York,1
2645,Cortland County,New York,1
2646,Clinton County,New York,1
2647,Chemung County,New York,1
2648,Chautauqua County,New York,1
2649,Cayuga County,New York,1
2650,Gloucester County,New Jersey,1
2651,Cumberland County,New Jersey,1
2652,Saratoga County,New York,1
2653,Camden County,New Jersey,1
2654,Colfax County,Nebraska,1
2655,Cass County,Nebraska,1
2656,Buffalo County,Nebraska,1
2657,Adams County,Nebraska,1
2658,Missoula County,Montana,1
2659,Glacier County,Montana,1
2660,Scotland County,Missouri,1
2661,Schuyler County,Missouri,1
2662,Saline County,Missouri,1
2663,St. Louis County,Missouri,1
2664,St. Francois County,Missouri,1
2665,Ste. Genevieve County,Missouri,1
2666,St. Charles County,Missouri,1
2667,Ray County,Missouri,1
2668,Platte County,Missouri,1
2669,Pike County,Missouri,1
2670,Perry County,Missouri,1
2671,Pemiscot County,Missouri,1
2672,Osage County,Missouri,1
2673,Nodaway County,Missouri,1
2674,Moniteau County,Missouri,1
2675,Madison County,Missouri,1
2676,Lincoln County,Missouri,1
2677,Lafayette County,Missouri,1
2678,Jefferson County,Missouri,1
2679,Jackson County,Missouri,1
2680,Howard County,Missouri,1
2681,Dawson County,Nebraska,1
2682,Douglas County,Nebraska,1
2683,Hall County,Nebraska,1
2684,Lander County,Nevada,1
2685,Burlington County,New Jersey,1
2686,Bergen County,New Jersey,1
2687,Atlantic County,New Jersey,1
2688,Strafford County,New Hampshire,1
2689,Rockingham County,New Hampshire,1
2690,Merrimack County,New Hampshire,1
2691,Hillsborough County,New Hampshire,1
2692,Cheshire County,New Hampshire,1
2693,Carson City County,Nevada,1
2694,White Pine County,Nevada,1
2695,Washoe County,Nevada,1
2696,Pershing County,Nevada,1
2697,Humboldt County,Nevada,1
2698,Hamilton County,Nebraska,1
2699,Eureka County,Nevada,1
2700,Elko County,Nevada,1
2701,Clark County,Nevada,1
2702,Churchill County,Nevada,1
2703,Washington County,Nebraska,1
2704,Seward County,Nebraska,1
2705,Sarpy County,Nebraska,1
2706,Saline County,Nebraska,1
2707,Platte County,Nebraska,1
2708,Lancaster County,Nebraska,1
2709,Kearney County,Nebraska,1
2710,Johnson County,Nebraska,1
2711,St. Lawrence County,New York,1
2712,Schenectady County,New York,1
2713,Hopkins County,Kentucky,1
2714,Tyrrell County,North Carolina,1
2715,Henry County,Ohio,1
2716,Hancock County,Ohio,1
2717,Hamilton County,Ohio,1
2718,Greene County,Ohio,1
2719,Gallia County,Ohio,1
2720,Fulton County,Ohio,1
2721,Franklin County,Ohio,1
2722,Fairfield County,Ohio,1
2723,Delaware County,Ohio,1
2724,Defiance County,Ohio,1
2725,Cuyahoga County,Ohio,1
2726,Coshocton County,Ohio,1
2727,Clermont County,Ohio,1
2728,Clark County,Ohio,1
2729,Champaign County,Ohio,1
2730,Butler County,Ohio,1
2731,Athens County,Ohio,1
2732,Ashland County,Ohio,1
2733,Allen County,Ohio,1
2734,Adams County,Ohio,1
2735,Grand Forks County,North Dakota,1
2736,Cass County,North Dakota,1
2737,Wilson County,North Carolina,1
2738,Wayne County,North Carolina,1
2739,Watauga County,North Carolina,1
2740,Wake County,North Carolina,1
2741,Vance County,North Carolina,1
2742,Holmes County,Ohio,1
2743,Lawrence County,Ohio,1
2744,Licking County,Ohio,1
2745,Richland County,Ohio,1
2746,Bryan County,Oklahoma,1
2747,Blaine County,Oklahoma,1
2748,Beckham County,Oklahoma,1
2749,Adair County,Oklahoma,1
2750,Wood County,Ohio,1
2751,Williams County,Ohio,1
2752,Wayne County,Ohio,1
2753,Warren County,Ohio,1
2754,Vinton County,Ohio,1
2755,Van Wert County,Ohio,1
2756,Summit County,Ohio,1
2757,Stark County,Ohio,1
2758,Putnam County,Ohio,1
2759,Lorain County,Ohio,1
2760,Preble County,Ohio,1
2761,Portage County,Ohio,1
2762,Pickaway County,Ohio,1
2763,Paulding County,Ohio,1
2764,Morrow County,Ohio,1
2765,Montgomery County,Ohio,1
2766,Miami County,Ohio,1
2767,Mercer County,Ohio,1
2768,Medina County,Ohio,1
2769,Marion County,Ohio,1
2770,Madison County,Ohio,1
2771,Lucas County,Ohio,1
2772,Union County,North Carolina,1
2773,Swain County,North Carolina,1
2774,Seneca County,New York,1
2775,Surry County,North Carolina,1
2776,Forsyth County,North Carolina,1
2777,Edgecombe County,North Carolina,1
2778,Durham County,North Carolina,1
2779,Duplin County,North Carolina,1
2780,Davidson County,North Carolina,1
2781,Cumberland County,North Carolina,1
2782,Craven County,North Carolina,1
2783,Cleveland County,North Carolina,1
2784,Catawba County,North Carolina,1
2785,Camden County,North Carolina,1
2786,Caldwell County,North Carolina,1
2787,Cabarrus County,North Carolina,1
2788,Buncombe County,North Carolina,1
2789,Anson County,North Carolina,1
2790,Alexander County,North Carolina,1
2791,Alamance County,North Carolina,1
2792,Yates County,New York,1
2793,Wyoming County,New York,1
2794,Westchester County,New York,1
2795,Wayne County,New York,1
2796,Washington County,New York,1
2797,Ulster County,New York,1
2798,Tompkins County,New York,1
2799,Tioga County,New York,1
2800,Sullivan County,New York,1
2801,Suffolk County,New York,1
2802,Steuben County,New York,1
2803,Franklin County,North Carolina,1
2804,Gaston County,North Carolina,1
2805,Gates County,North Carolina,1
2806,New Hanover County,North Carolina,1
2807,Stanly County,North Carolina,1
2808,Sampson County,North Carolina,1
2809,Rowan County,North Carolina,1
2810,Robeson County,North Carolina,1
2811,Richmond County,North Carolina,1
2812,Randolph County,North Carolina,1
2813,Pitt County,North Carolina,1
2814,Person County,North Carolina,1
2815,Pender County,North Carolina,1
2816,Pasquotank County,North Carolina,1
2817,Orange County,North Carolina,1
2818,Onslow County,North Carolina,1
2819,Nash County,North Carolina,1
2820,Granville County,North Carolina,1
2821,Montgomery County,North Carolina,1
2822,Mecklenburg County,North Carolina,1
2823,Lincoln County,North Carolina,1
2824,Lee County,North Carolina,1
2825,Johnston County,North Carolina,1
2826,Iredell County,North Carolina,1
2827,Hoke County,North Carolina,1
2828,Hertford County,North Carolina,1
2829,Harnett County,North Carolina,1
2830,Halifax County,North Carolina,1
2831,Guilford County,North Carolina,1
2832,Greene County,North Carolina,1
2833,Greene County,Missouri,1
2834,Dunklin County,Missouri,1
2835,Cooper County,Missouri,1
2836,St. Bernard County,Louisiana,1
2837,Frederick County,Maryland,1
2838,Charles County,Maryland,1
2839,Cecil County,Maryland,1
2840,Carroll County,Maryland,1
2841,Caroline County,Maryland,1
2842,Calvert County,Maryland,1
2843,Baltimore County,Maryland,1
2844,Anne Arundel County,Maryland,1
2845,Allegany County,Maryland,1
2846,Penobscot County,Maine,1
2847,Kennebec County,Maine,1
2848,Cumberland County,Maine,1
2849,Androscoggin County,Maine,1
2850,Winn County,Louisiana,1
2851,West Feliciana County,Louisiana,1
2852,West Carroll County,Louisiana,1
2853,West Baton Rouge County,Louisiana,1
2854,Vernon County,Louisiana,1
2855,Vermilion County,Louisiana,1
2856,Terrebonne County,Louisiana,1
2857,Tangipahoa County,Louisiana,1
2858,St. Tammany County,Louisiana,1
2859,St. Mary County,Louisiana,1
2860,St. Martin County,Louisiana,1
2861,St. Landry County,Louisiana,1
2862,St. John the Baptist County,Louisiana,1
2863,St. James County,Louisiana,1
2864,Harford County,Maryland,1
2865,Howard County,Maryland,1
2866,Montgomery County,Maryland,1
2867,Suffolk County,Massachusetts,1
2868,Grand Traverse County,Michigan,1
2869,Genesee County,Michigan,1
2870,Eaton County,Michigan,1
2871,Clinton County,Michigan,1
2872,Chippewa County,Michigan,1
2873,Calhoun County,Michigan,1
2874,Branch County,Michigan,1
2875,Berrien County,Michigan,1
2876,Bay County,Michigan,1
2877,Barry County,Michigan,1
2878,Allegan County,Michigan,1
2879,Worcester County,Massachusetts,1
2880,Plymouth County,Massachusetts,1
2881,Prince George's County,Maryland,1
2882,Norfolk County,Massachusetts,1
2883,Nantucket County,Massachusetts,1
2884,Middlesex County,Massachusetts,1
2885,Hampshire County,Massachusetts,1
2886,Hampden County,Massachusetts,1
2887,Essex County,Massachusetts,1
2888,Bristol County,Massachusetts,1
2889,Wicomico County,Maryland,1
2890,Washington County,Maryland,1
2891,Somerset County,Maryland,1
2892,St. Mary's County,Maryland,1
2893,Queen Anne's County,Maryland,1
2894,St. Charles County,Louisiana,1
2895,Richland County,Louisiana,1
2896,Cole County,Missouri,1
2897,Red River County,Louisiana,1
2898,Taylor County,Kentucky,1
2899,Spencer County,Kentucky,1
2900,Shelby County,Kentucky,1
2901,Scott County,Kentucky,1
2902,Pendleton County,Kentucky,1
2903,Owen County,Kentucky,1
2904,Oldham County,Kentucky,1
2905,Ohio County,Kentucky,1
2906,Nicholas County,Kentucky,1
2907,Nelson County,Kentucky,1
2908,Muhlenberg County,Kentucky,1
2909,Montgomery County,Kentucky,1
2910,Monroe County,Kentucky,1
2911,Metcalfe County,Kentucky,1
2912,Mercer County,Kentucky,1
2913,Meade County,Kentucky,1
2914,Mason County,Kentucky,1
2915,Marion County,Kentucky,1
2916,Madison County,Kentucky,1
2917,McCreary County,Kentucky,1
2918,Logan County,Kentucky,1
2919,Lewis County,Kentucky,1
2920,Leslie County,Kentucky,1
2921,Larue County,Kentucky,1
2922,Kenton County,Kentucky,1
2923,Jessamine County,Kentucky,1
2924,Jefferson County,Kentucky,1
2925,Todd County,Kentucky,1
2926,Warren County,Kentucky,1
2927,Washington County,Kentucky,1
2928,Grant County,Louisiana,1
2929,Plaquemines County,Louisiana,1
2930,Ouachita County,Louisiana,1
2931,Orleans County,Louisiana,1
2932,Natchitoches County,Louisiana,1
2933,Morehouse County,Louisiana,1
2934,Madison County,Louisiana,1
2935,Livingston County,Louisiana,1
2936,Lincoln County,Louisiana,1
2937,Lafourche County,Louisiana,1
2938,Lafayette County,Louisiana,1
2939,Jefferson County,Louisiana,1
2940,Iberville County,Louisiana,1
2941,East Feliciana County,Louisiana,1
2942,Webster County,Kentucky,1
2943,East Carroll County,Louisiana,1
2944,East Baton Rouge County,Louisiana,1
2945,De Soto County,Louisiana,1
2946,Cameron County,Louisiana,1
2947,Caldwell County,Louisiana,1
2948,Calcasieu County,Louisiana,1
2949,Caddo County,Louisiana,1
2950,Bossier County,Louisiana,1
2951,Beauregard County,Louisiana,1
2952,Assumption County,Louisiana,1
2953,Ascension County,Louisiana,1
2954,Woodford County,Kentucky,1
2955,Gratiot County,Michigan,1
2956,Houghton County,Michigan,1
2957,Ingham County,Michigan,1
2958,Ionia County,Michigan,1
2959,Madison County,Mississippi,1
2960,Lowndes County,Mississippi,1
2961,Lincoln County,Mississippi,1
2962,Lee County,Mississippi,1
2963,Leake County,Mississippi,1
2964,Lauderdale County,Mississippi,1
2965,Lamar County,Mississippi,1
2966,Lafayette County,Mississippi,1
2967,Kemper County,Mississippi,1
2968,Jones County,Mississippi,1
2969,Jefferson County,Mississippi,1
2970,Jackson County,Mississippi,1
2971,Issaquena County,Mississippi,1
2972,Holmes County,Mississippi,1
2973,Hinds County,Mississippi,1
2974,Harrison County,Mississippi,1
2975,Grenada County,Mississippi,1
2976,Greene County,Mississippi,1
2977,George County,Mississippi,1
2978,Forrest County,Mississippi,1
2979,DeSoto County,Mississippi,1
2980,Copiah County,Mississippi,1
2981,Coahoma County,Mississippi,1
2982,Clay County,Mississippi,1
2983,Claiborne County,Mississippi,1
2984,Chickasaw County,Mississippi,1
2985,Calhoun County,Mississippi,1
2986,Marshall County,Mississippi,1
2987,Neshoba County,Mississippi,1
2988,Newton County,Mississippi,1
2989,Union County,Mississippi,1
2990,Clinton County,Missouri,1
2991,Clay County,Missouri,1
2992,Cass County,Missouri,1
2993,Cape Girardeau County,Missouri,1
2994,Boone County,Missouri,1
2995,Adair County,Missouri,1
2996,Yazoo County,Mississippi,1
2997,Yalobusha County,Mississippi,1
2998,Winston County,Mississippi,1
2999,Webster County,Mississippi,1
3000,Wayne County,Mississippi,1
3001,Warren County,Mississippi,1
3002,Tippah County,Mississippi,1
3003,Noxubee County,Mississippi,1
3004,Tate County,Mississippi,1
3005,Tallahatchie County,Mississippi,1
3006,Simpson County,Mississippi,1
3007,Sharkey County,Mississippi,1
3008,Scott County,Mississippi,1
3009,Rankin County,Mississippi,1
3010,Quitman County,Mississippi,1
3011,Pontotoc County,Mississippi,1
3012,Perry County,Mississippi,1
3013,Pearl River County,Mississippi,1
3014,Panola County,Mississippi,1
3015,Oktibbeha County,Mississippi,1
3016,Benton County,Mississippi,1
3017,Attala County,Mississippi,1
3018,Alcorn County,Mississippi,1
3019,Monroe County,Michigan,1
3020,Anoka County,Minnesota,1
3021,Wexford County,Michigan,1
3022,Wayne County,Michigan,1
3023,Washtenaw County,Michigan,1
3024,Van Buren County,Michigan,1
3025,St. Joseph County,Michigan,1
3026,St. Clair County,Michigan,1
3027,Saginaw County,Michigan,1
3028,Ottawa County,Michigan,1
3029,Oakland County,Michigan,1
3030,Muskegon County,Michigan,1
3031,Montcalm County,Michigan,1
3032,Missaukee County,Michigan,1
3033,Benton County,Minnesota,1
3034,Midland County,Michigan,1
3035,Mecosta County,Michigan,1
3036,Marquette County,Michigan,1
3037,Macomb County,Michigan,1
3038,Luce County,Michigan,1
3039,Livingston County,Michigan,1
3040,Lenawee County,Michigan,1
3041,Lapeer County,Michigan,1
3042,Kent County,Michigan,1
3043,Kalkaska County,Michigan,1
3044,Kalamazoo County,Michigan,1
3045,Isabella County,Michigan,1
3046,Beltrami County,Minnesota,1
3047,Blue Earth County,Minnesota,1
3048,Wright County,Minnesota,1
3049,Olmsted County,Minnesota,1
3050,Winona County,Minnesota,1
3051,Washington County,Minnesota,1
3052,Waseca County,Minnesota,1
3053,Steele County,Minnesota,1
3054,Stearns County,Minnesota,1
3055,Sibley County,Minnesota,1
3056,Sherburne County,Minnesota,1
3057,Scott County,Minnesota,1
3058,Roseau County,Minnesota,1
3059,Rice County,Minnesota,1
3060,Ramsey County,Minnesota,1
3061,Pennington County,Minnesota,1
3062,Nicollet County,Minnesota,1
3063,Carlton County,Minnesota,1
3064,Mower County,Minnesota,1
3065,Mahnomen County,Minnesota,1
3066,McLeod County,Minnesota,1
3067,Le Sueur County,Minnesota,1
3068,Isanti County,Minnesota,1
3069,Hennepin County,Minnesota,1
3070,Goodhue County,Minnesota,1
3071,Dodge County,Minnesota,1
3072,Dakota County,Minnesota,1
3073,Clay County,Minnesota,1
3074,Chisago County,Minnesota,1
3075,Carver County,Minnesota,1
3076,Quitman County,Georgia,1
